Part number,Manufacturer,Alternative,Library Path,Library Ref,Footprint Path,Footprint Ref,Package,Direction,Voltage,Cap,Current,Power,Tmin,Tmax,Description,ComponentLink1Description,ComponentLink1URL,Component Note,gost BOM,TU,Note,
TPD4E1B06DCKR,Texas Instruments,,TPD4E1B06DCKR.SchLib,TPD4E1B06DCKR,PCB - LEADED - SOT - TI SC70-6 DCK.PCBLIB,TI SC70-6 DCK,SC70-6,Bidirectional,5.5V,0.7 pF,0.5 nA,45W,-40,125,4-Channel Ultra Low Leakage ESD Protection Device,Datasheet,"https://static.chipdip.ru/lib/425/DOC018425336.pdf",TPD4E1B06DCKR 5.5V,"TPD4E1B06DCKR, Texas Instruments",,,
SMAJ5.0CA,STMicroelectronics ,SMAJ5.0CA-TR,TVS_single_bidirectional.SchLib,TVS_single_bidirectional,PCB - DIODES - ST DO214AC SMA.PCBLIB,ST DO214AC SMA,DO-214AC,Bidirectional,5, , , ,-65,150,"SMAJ5.0CA, DO-214AC 5V   BI-directional",Datasheet,"http://m.littelfuse.com/~/media/electronics/datasheets/tvs_diodes/littelfuse_tvs_diode_smaj_datasheet.pdf.pdf","DO-214AC, 5V",SMAJ5.0CA STMicroelectronics , , ,
SMAJ6.0CA,STMicroelectronics ,SMAJ6.0CA-TR,TVS_single_bidirectional.SchLib,TVS_single_bidirectional,PCB - DIODES - ST DO214AC SMA.PCBLIB,ST DO214AC SMA,DO-214AC,Bidirectional,6, , , ,-65,150,"SMAJ6.0CA, DO-214AC 6V   BI-directional",Datasheet,"http://m.littelfuse.com/~/media/electronics/datasheets/tvs_diodes/littelfuse_tvs_diode_smaj_datasheet.pdf.pdf","DO-214AC, 6V",SMAJ6.0CA STMicroelectronics , , ,
SMAJ6.5CA,STMicroelectronics ,SMAJ6.5CA-TR,TVS_single_bidirectional.SchLib,TVS_single_bidirectional,PCB - DIODES - ST DO214AC SMA.PCBLIB,ST DO214AC SMA,DO-214AC,Bidirectional,"6,5", , , ,-65,150,"SMAJ6.5CA, DO-214AC 6,5V   BI-directional",Datasheet,http://m.littelfuse.com/~/media/electronics/datasheets/tvs_diodes/littelfuse_tvs_diode_smaj_datasheet.pdf.pdf,"DO-214AC, 6,5V",SMAJ6.5CA STMicroelectronics , , ,
SMAJ7.0CA,STMicroelectronics ,SMAJ7.0CA-TR,TVS_single_bidirectional.SchLib,TVS_single_bidirectional,PCB - DIODES - ST DO214AC SMA.PCBLIB,ST DO214AC SMA,DO-214AC,Bidirectional,7, , , ,-65,150,"SMAJ7.0CA, DO-214AC 7V   BI-directional",Datasheet,http://m.littelfuse.com/~/media/electronics/datasheets/tvs_diodes/littelfuse_tvs_diode_smaj_datasheet.pdf.pdf,"DO-214AC, 7V",SMAJ7.0CA STMicroelectronics , , ,
SMAJ7.5CA,STMicroelectronics ,SMAJ7.5CA-TR,TVS_single_bidirectional.SchLib,TVS_single_bidirectional,PCB - DIODES - ST DO214AC SMA.PCBLIB,ST DO214AC SMA,DO-214AC,Bidirectional,"7,5", , , ,-65,150,"SMAJ7.5CA, DO-214AC 7,5V   BI-directional",Datasheet,http://m.littelfuse.com/~/media/electronics/datasheets/tvs_diodes/littelfuse_tvs_diode_smaj_datasheet.pdf.pdf,"DO-214AC, 7,5V",SMAJ7.5CA STMicroelectronics , , ,
SMAJ8.0CA,STMicroelectronics ,SMAJ8.0CA-TR,TVS_single_bidirectional.SchLib,TVS_single_bidirectional,PCB - DIODES - ST DO214AC SMA.PCBLIB,ST DO214AC SMA,DO-214AC,Bidirectional,8, , , ,-65,150,"SMAJ8.0CA, DO-214AC 8V   BI-directional",Datasheet,http://m.littelfuse.com/~/media/electronics/datasheets/tvs_diodes/littelfuse_tvs_diode_smaj_datasheet.pdf.pdf,"DO-214AC, 8V",SMAJ8.0CA STMicroelectronics , , ,
SMAJ8.5CA,STMicroelectronics ,SMAJ8.5CA-TR,TVS_single_bidirectional.SchLib,TVS_single_bidirectional,PCB - DIODES - ST DO214AC SMA.PCBLIB,ST DO214AC SMA,DO-214AC,Bidirectional,"8,5", , , ,-65,150,"SMAJ8.5CA, DO-214AC 8,5V   BI-directional",Datasheet,http://m.littelfuse.com/~/media/electronics/datasheets/tvs_diodes/littelfuse_tvs_diode_smaj_datasheet.pdf.pdf,"DO-214AC, 8,5V",SMAJ8.5CA STMicroelectronics , , ,
SMAJ9.0CA,STMicroelectronics ,SMAJ9.0CA-TR,TVS_single_bidirectional.SchLib,TVS_single_bidirectional,PCB - DIODES - ST DO214AC SMA.PCBLIB,ST DO214AC SMA,DO-214AC,Bidirectional,9, , , ,-65,150,"SMAJ9.0CA, DO-214AC 9V   BI-directional",Datasheet,http://m.littelfuse.com/~/media/electronics/datasheets/tvs_diodes/littelfuse_tvs_diode_smaj_datasheet.pdf.pdf,"DO-214AC, 9V",SMAJ9.0CA STMicroelectronics , , ,
SMAJ10CA,STMicroelectronics ,SMAJ10CA-TR,TVS_single_bidirectional.SchLib,TVS_single_bidirectional,PCB - DIODES - ST DO214AC SMA.PCBLIB,ST DO214AC SMA,DO-214AC,Bidirectional,10, , , ,-65,150,"SMAJ10CA, DO-214AC 10V   BI-directional",Datasheet,http://m.littelfuse.com/~/media/electronics/datasheets/tvs_diodes/littelfuse_tvs_diode_smaj_datasheet.pdf.pdf,"DO-214AC, 10V",SMAJ10CA STMicroelectronics , , ,
SMAJ11CA,STMicroelectronics ,SMAJ11CA-TR,TVS_single_bidirectional.SchLib,TVS_single_bidirectional,PCB - DIODES - ST DO214AC SMA.PCBLIB,ST DO214AC SMA,DO-214AC,Bidirectional,11, , , ,-65,150,"SMAJ11CA, DO-214AC 11V   BI-directional",Datasheet,http://m.littelfuse.com/~/media/electronics/datasheets/tvs_diodes/littelfuse_tvs_diode_smaj_datasheet.pdf.pdf,"DO-214AC, 11V",SMAJ11CA STMicroelectronics , , ,
SMAJ12CA,STMicroelectronics ,SMAJ12CA-TR,TVS_single_bidirectional.SchLib,TVS_single_bidirectional,PCB - DIODES - ST DO214AC SMA.PCBLIB,ST DO214AC SMA,DO-214AC,Bidirectional,12, , , ,-65,150,"SMAJ12CA, DO-214AC 12V   BI-directional",Datasheet,http://m.littelfuse.com/~/media/electronics/datasheets/tvs_diodes/littelfuse_tvs_diode_smaj_datasheet.pdf.pdf,"DO-214AC, 12V",SMAJ12CA STMicroelectronics , , ,
SMAJ13CA,STMicroelectronics ,SMAJ13CA-TR,TVS_single_bidirectional.SchLib,TVS_single_bidirectional,PCB - DIODES - ST DO214AC SMA.PCBLIB,ST DO214AC SMA,DO-214AC,Bidirectional,13, , , ,-65,150,"SMAJ13CA, DO-214AC 13V   BI-directional",Datasheet,http://m.littelfuse.com/~/media/electronics/datasheets/tvs_diodes/littelfuse_tvs_diode_smaj_datasheet.pdf.pdf,"DO-214AC, 13V",SMAJ13CA STMicroelectronics , , ,
SMAJ14CA,STMicroelectronics ,SMAJ14CA-TR,TVS_single_bidirectional.SchLib,TVS_single_bidirectional,PCB - DIODES - ST DO214AC SMA.PCBLIB,ST DO214AC SMA,DO-214AC,Bidirectional,14, , , ,-65,150,"SMAJ14CA, DO-214AC 14V   BI-directional",Datasheet,http://m.littelfuse.com/~/media/electronics/datasheets/tvs_diodes/littelfuse_tvs_diode_smaj_datasheet.pdf.pdf,"DO-214AC, 14V",SMAJ14CA STMicroelectronics , , ,
SMAJ15CA,STMicroelectronics ,SMAJ15CA-TR,TVS_single_bidirectional.SchLib,TVS_single_bidirectional,PCB - DIODES - ST DO214AC SMA.PCBLIB,ST DO214AC SMA,DO-214AC,Bidirectional,15, , , ,-65,150,"SMAJ15CA, DO-214AC 15V   BI-directional",Datasheet,http://m.littelfuse.com/~/media/electronics/datasheets/tvs_diodes/littelfuse_tvs_diode_smaj_datasheet.pdf.pdf,"DO-214AC, 15V",SMAJ15CA STMicroelectronics , , ,
SMAJ16CA,STMicroelectronics ,SMAJ16CA-TR,TVS_single_bidirectional.SchLib,TVS_single_bidirectional,PCB - DIODES - ST DO214AC SMA.PCBLIB,ST DO214AC SMA,DO-214AC,Bidirectional,16, , , ,-65,150,"SMAJ16CA, DO-214AC 16V   BI-directional",Datasheet,http://m.littelfuse.com/~/media/electronics/datasheets/tvs_diodes/littelfuse_tvs_diode_smaj_datasheet.pdf.pdf,"DO-214AC, 16V",SMAJ16CA STMicroelectronics , , ,
SMAJ17CA,STMicroelectronics ,SMAJ17CA-TR,TVS_single_bidirectional.SchLib,TVS_single_bidirectional,PCB - DIODES - ST DO214AC SMA.PCBLIB,ST DO214AC SMA,DO-214AC,Bidirectional,17, , , ,-65,150,"SMAJ17CA, DO-214AC 17V   BI-directional",Datasheet,http://m.littelfuse.com/~/media/electronics/datasheets/tvs_diodes/littelfuse_tvs_diode_smaj_datasheet.pdf.pdf,"DO-214AC, 17V",SMAJ17CA STMicroelectronics , , ,
SMAJ18CA,STMicroelectronics ,SMAJ18CA-TR,TVS_single_bidirectional.SchLib,TVS_single_bidirectional,PCB - DIODES - ST DO214AC SMA.PCBLIB,ST DO214AC SMA,DO-214AC,Bidirectional,18, , , ,-65,150,"SMAJ18CA, DO-214AC 18V   BI-directional",Datasheet,http://m.littelfuse.com/~/media/electronics/datasheets/tvs_diodes/littelfuse_tvs_diode_smaj_datasheet.pdf.pdf,"DO-214AC, 18V",SMAJ18CA STMicroelectronics , , ,
SMAJ20CA,STMicroelectronics ,SMAJ20CA-TR,TVS_single_bidirectional.SchLib,TVS_single_bidirectional,PCB - DIODES - ST DO214AC SMA.PCBLIB,ST DO214AC SMA,DO-214AC,Bidirectional,20, , , ,-65,150,"SMAJ20CA, DO-214AC 20V   BI-directional",Datasheet,http://m.littelfuse.com/~/media/electronics/datasheets/tvs_diodes/littelfuse_tvs_diode_smaj_datasheet.pdf.pdf,"DO-214AC, 20V",SMAJ20CA STMicroelectronics , , ,
SMAJ22CA,STMicroelectronics ,SMAJ22CA-TR,TVS_single_bidirectional.SchLib,TVS_single_bidirectional,PCB - DIODES - ST DO214AC SMA.PCBLIB,ST DO214AC SMA,DO-214AC,Bidirectional,22, , , ,-65,150,"SMAJ22CA, DO-214AC 22V   BI-directional",Datasheet,http://m.littelfuse.com/~/media/electronics/datasheets/tvs_diodes/littelfuse_tvs_diode_smaj_datasheet.pdf.pdf,"DO-214AC, 22V",SMAJ22CA STMicroelectronics , , ,
SMAJ24CA,STMicroelectronics ,SMAJ24CA-TR,TVS_single_bidirectional.SchLib,TVS_single_bidirectional,PCB - DIODES - ST DO214AC SMA.PCBLIB,ST DO214AC SMA,DO-214AC,Bidirectional,24, , , ,-65,150,"SMAJ24CA, DO-214AC 24V   BI-directional",Datasheet,http://m.littelfuse.com/~/media/electronics/datasheets/tvs_diodes/littelfuse_tvs_diode_smaj_datasheet.pdf.pdf,"DO-214AC, 24V",SMAJ24CA STMicroelectronics , , ,
SMAJ26CA,STMicroelectronics ,SMAJ26CA-TR,TVS_single_bidirectional.SchLib,TVS_single_bidirectional,PCB - DIODES - ST DO214AC SMA.PCBLIB,ST DO214AC SMA,DO-214AC,Bidirectional,26, , , ,-65,150,"SMAJ26CA, DO-214AC 26V   BI-directional",Datasheet,http://m.littelfuse.com/~/media/electronics/datasheets/tvs_diodes/littelfuse_tvs_diode_smaj_datasheet.pdf.pdf,"DO-214AC, 26V",SMAJ26CA STMicroelectronics , , ,
SMAJ28CA,STMicroelectronics ,SMAJ28CA-TR,TVS_single_bidirectional.SchLib,TVS_single_bidirectional,PCB - DIODES - ST DO214AC SMA.PCBLIB,ST DO214AC SMA,DO-214AC,Bidirectional,28, , , ,-65,150,"SMAJ28CA, DO-214AC 28V   BI-directional",Datasheet,http://m.littelfuse.com/~/media/electronics/datasheets/tvs_diodes/littelfuse_tvs_diode_smaj_datasheet.pdf.pdf,"DO-214AC, 28V",SMAJ28CA STMicroelectronics , , ,
SMAJ30CA,STMicroelectronics ,SMAJ30CA-TR,TVS_single_bidirectional.SchLib,TVS_single_bidirectional,PCB - DIODES - ST DO214AC SMA.PCBLIB,ST DO214AC SMA,DO-214AC,Bidirectional,30, , , ,-65,150,"SMAJ30CA, DO-214AC 30V   BI-directional",Datasheet,http://m.littelfuse.com/~/media/electronics/datasheets/tvs_diodes/littelfuse_tvs_diode_smaj_datasheet.pdf.pdf,"DO-214AC, 30V",SMAJ30CA STMicroelectronics , , ,
SMAJ33CA,STMicroelectronics ,SMAJ33CA-TR,TVS_single_bidirectional.SchLib,TVS_single_bidirectional,PCB - DIODES - ST DO214AC SMA.PCBLIB,ST DO214AC SMA,DO-214AC,Bidirectional,33, , , ,-65,150,"SMAJ33CA, DO-214AC 33V   BI-directional",Datasheet,http://m.littelfuse.com/~/media/electronics/datasheets/tvs_diodes/littelfuse_tvs_diode_smaj_datasheet.pdf.pdf,"DO-214AC, 33V",SMAJ33CA STMicroelectronics , , ,
SMAJ36CA,STMicroelectronics ,SMAJ36CA-TR,TVS_single_bidirectional.SchLib,TVS_single_bidirectional,PCB - DIODES - ST DO214AC SMA.PCBLIB,ST DO214AC SMA,DO-214AC,Bidirectional,36, , , ,-65,150,"SMAJ36CA, DO-214AC 36V   BI-directional",Datasheet,http://m.littelfuse.com/~/media/electronics/datasheets/tvs_diodes/littelfuse_tvs_diode_smaj_datasheet.pdf.pdf,"DO-214AC, 36V",SMAJ36CA STMicroelectronics , , ,
SMAJ40CA,STMicroelectronics ,SMAJ40CA-TR,TVS_single_bidirectional.SchLib,TVS_single_bidirectional,PCB - DIODES - ST DO214AC SMA.PCBLIB,ST DO214AC SMA,DO-214AC,Bidirectional,40, , , ,-65,150,"SMAJ40CA, DO-214AC 40V   BI-directional",Datasheet,http://m.littelfuse.com/~/media/electronics/datasheets/tvs_diodes/littelfuse_tvs_diode_smaj_datasheet.pdf.pdf,"DO-214AC, 40V",SMAJ40CA STMicroelectronics , , ,
SMAJ43CA,STMicroelectronics ,SMAJ43CA-TR,TVS_single_bidirectional.SchLib,TVS_single_bidirectional,PCB - DIODES - ST DO214AC SMA.PCBLIB,ST DO214AC SMA,DO-214AC,Bidirectional,43, , , ,-65,150,"SMAJ43CA, DO-214AC 43V   BI-directional",Datasheet,http://m.littelfuse.com/~/media/electronics/datasheets/tvs_diodes/littelfuse_tvs_diode_smaj_datasheet.pdf.pdf,"DO-214AC, 43V",SMAJ43CA STMicroelectronics , , ,
SMAJ45CA,STMicroelectronics ,SMAJ45CA-TR,TVS_single_bidirectional.SchLib,TVS_single_bidirectional,PCB - DIODES - ST DO214AC SMA.PCBLIB,ST DO214AC SMA,DO-214AC,Bidirectional,45, , , ,-65,150,"SMAJ45CA, DO-214AC 45V   BI-directional",Datasheet,http://m.littelfuse.com/~/media/electronics/datasheets/tvs_diodes/littelfuse_tvs_diode_smaj_datasheet.pdf.pdf,"DO-214AC, 45V",SMAJ45CA STMicroelectronics , , ,
SMAJ48CA,STMicroelectronics ,SMAJ48CA-TR,TVS_single_bidirectional.SchLib,TVS_single_bidirectional,PCB - DIODES - ST DO214AC SMA.PCBLIB,ST DO214AC SMA,DO-214AC,Bidirectional,48, , , ,-65,150,"SMAJ48CA, DO-214AC 48V   BI-directional",Datasheet,http://m.littelfuse.com/~/media/electronics/datasheets/tvs_diodes/littelfuse_tvs_diode_smaj_datasheet.pdf.pdf,"DO-214AC, 48V",SMAJ48CA STMicroelectronics , , ,
SMAJ51CA,STMicroelectronics ,SMAJ51CA-TR,TVS_single_bidirectional.SchLib,TVS_single_bidirectional,PCB - DIODES - ST DO214AC SMA.PCBLIB,ST DO214AC SMA,DO-214AC,Bidirectional,51, , , ,-65,150,"SMAJ51CA, DO-214AC 51V   BI-directional",Datasheet,http://m.littelfuse.com/~/media/electronics/datasheets/tvs_diodes/littelfuse_tvs_diode_smaj_datasheet.pdf.pdf,"DO-214AC, 51V",SMAJ51CA STMicroelectronics , , ,
SMAJ54CA,STMicroelectronics ,SMAJ54CA-TR,TVS_single_bidirectional.SchLib,TVS_single_bidirectional,PCB - DIODES - ST DO214AC SMA.PCBLIB,ST DO214AC SMA,DO-214AC,Bidirectional,54, , , ,-65,150,"SMAJ54CA, DO-214AC 54V   BI-directional",Datasheet,http://m.littelfuse.com/~/media/electronics/datasheets/tvs_diodes/littelfuse_tvs_diode_smaj_datasheet.pdf.pdf,"DO-214AC, 54V",SMAJ54CA STMicroelectronics , , ,
SMAJ58CA,STMicroelectronics ,SMAJ58CA-TR,TVS_single_bidirectional.SchLib,TVS_single_bidirectional,PCB - DIODES - ST DO214AC SMA.PCBLIB,ST DO214AC SMA,DO-214AC,Bidirectional,58, , , ,-65,150,"SMAJ58CA, DO-214AC 58V   BI-directional",Datasheet,http://m.littelfuse.com/~/media/electronics/datasheets/tvs_diodes/littelfuse_tvs_diode_smaj_datasheet.pdf.pdf,"DO-214AC, 58V",SMAJ58CA STMicroelectronics , , ,
SMAJ60CA,STMicroelectronics ,SMAJ60CA-TR,TVS_single_bidirectional.SchLib,TVS_single_bidirectional,PCB - DIODES - ST DO214AC SMA.PCBLIB,ST DO214AC SMA,DO-214AC,Bidirectional,60, , , ,-65,150,"SMAJ60CA, DO-214AC 60V   BI-directional",Datasheet,http://m.littelfuse.com/~/media/electronics/datasheets/tvs_diodes/littelfuse_tvs_diode_smaj_datasheet.pdf.pdf,"DO-214AC, 60V",SMAJ60CA STMicroelectronics , , ,
SMAJ64CA,STMicroelectronics ,SMAJ64CA-TR,TVS_single_bidirectional.SchLib,TVS_single_bidirectional,PCB - DIODES - ST DO214AC SMA.PCBLIB,ST DO214AC SMA,DO-214AC,Bidirectional,64, , , ,-65,150,"SMAJ64CA, DO-214AC 64V   BI-directional",Datasheet,http://m.littelfuse.com/~/media/electronics/datasheets/tvs_diodes/littelfuse_tvs_diode_smaj_datasheet.pdf.pdf,"DO-214AC, 64V",SMAJ64CA STMicroelectronics , , ,
SMAJ70CA,STMicroelectronics ,SMAJ70CA-TR,TVS_single_bidirectional.SchLib,TVS_single_bidirectional,PCB - DIODES - ST DO214AC SMA.PCBLIB,ST DO214AC SMA,DO-214AC,Bidirectional,70, , , ,-65,150,"SMAJ70CA, DO-214AC 70V   BI-directional",Datasheet,http://m.littelfuse.com/~/media/electronics/datasheets/tvs_diodes/littelfuse_tvs_diode_smaj_datasheet.pdf.pdf,"DO-214AC, 70V",SMAJ70CA STMicroelectronics , , ,
SMAJ75CA,STMicroelectronics ,SMAJ75CA-TR,TVS_single_bidirectional.SchLib,TVS_single_bidirectional,PCB - DIODES - ST DO214AC SMA.PCBLIB,ST DO214AC SMA,DO-214AC,Bidirectional,75, , , ,-65,150,"SMAJ75CA, DO-214AC 75V   BI-directional",Datasheet,http://m.littelfuse.com/~/media/electronics/datasheets/tvs_diodes/littelfuse_tvs_diode_smaj_datasheet.pdf.pdf,"DO-214AC, 75V",SMAJ75CA STMicroelectronics , , ,
SMAJ78CA,STMicroelectronics ,SMAJ78CA-TR,TVS_single_bidirectional.SchLib,TVS_single_bidirectional,PCB - DIODES - ST DO214AC SMA.PCBLIB,ST DO214AC SMA,DO-214AC,Bidirectional,78, , , ,-65,150,"SMAJ78CA, DO-214AC 78V   BI-directional",Datasheet,http://m.littelfuse.com/~/media/electronics/datasheets/tvs_diodes/littelfuse_tvs_diode_smaj_datasheet.pdf.pdf,"DO-214AC, 78V",SMAJ78CA STMicroelectronics , , ,
SMAJ85CA,STMicroelectronics ,SMAJ85CA-TR,TVS_single_bidirectional.SchLib,TVS_single_bidirectional,PCB - DIODES - ST DO214AC SMA.PCBLIB,ST DO214AC SMA,DO-214AC,Bidirectional,85, , , ,-65,150,"SMAJ85CA, DO-214AC 85V   BI-directional",Datasheet,http://m.littelfuse.com/~/media/electronics/datasheets/tvs_diodes/littelfuse_tvs_diode_smaj_datasheet.pdf.pdf,"DO-214AC, 85V",SMAJ85CA STMicroelectronics , , ,
SMAJ90CA,STMicroelectronics ,SMAJ90CA-TR,TVS_single_bidirectional.SchLib,TVS_single_bidirectional,PCB - DIODES - ST DO214AC SMA.PCBLIB,ST DO214AC SMA,DO-214AC,Bidirectional,90, , , ,-65,150,"SMAJ90CA, DO-214AC 90V   BI-directional",Datasheet,http://m.littelfuse.com/~/media/electronics/datasheets/tvs_diodes/littelfuse_tvs_diode_smaj_datasheet.pdf.pdf,"DO-214AC, 90V",SMAJ90CA STMicroelectronics , , ,
SMAJ100CA,STMicroelectronics ,SMAJ100CA-TR,TVS_single_bidirectional.SchLib,TVS_single_bidirectional,PCB - DIODES - ST DO214AC SMA.PCBLIB,ST DO214AC SMA,DO-214AC,Bidirectional,100, , , ,-65,150,"SMAJ100CA, DO-214AC 100V   BI-directional",Datasheet,http://m.littelfuse.com/~/media/electronics/datasheets/tvs_diodes/littelfuse_tvs_diode_smaj_datasheet.pdf.pdf,"DO-214AC, 100V",SMAJ100CA STMicroelectronics , , ,
SMAJ110CA,STMicroelectronics ,SMAJ110CA-TR,TVS_single_bidirectional.SchLib,TVS_single_bidirectional,PCB - DIODES - ST DO214AC SMA.PCBLIB,ST DO214AC SMA,DO-214AC,Bidirectional,110, , , ,-65,150,"SMAJ110CA, DO-214AC 110V   BI-directional",Datasheet,http://m.littelfuse.com/~/media/electronics/datasheets/tvs_diodes/littelfuse_tvs_diode_smaj_datasheet.pdf.pdf,"DO-214AC, 110V",SMAJ110CA STMicroelectronics , , ,
SMAJ120CA,STMicroelectronics ,SMAJ120CA-TR,TVS_single_bidirectional.SchLib,TVS_single_bidirectional,PCB - DIODES - ST DO214AC SMA.PCBLIB,ST DO214AC SMA,DO-214AC,Bidirectional,120, , , ,-65,150,"SMAJ120CA, DO-214AC 120V   BI-directional",Datasheet,http://m.littelfuse.com/~/media/electronics/datasheets/tvs_diodes/littelfuse_tvs_diode_smaj_datasheet.pdf.pdf,"DO-214AC, 120V",SMAJ120CA STMicroelectronics , , ,
SMAJ130CA,STMicroelectronics ,SMAJ130CA-TR,TVS_single_bidirectional.SchLib,TVS_single_bidirectional,PCB - DIODES - ST DO214AC SMA.PCBLIB,ST DO214AC SMA,DO-214AC,Bidirectional,130, , , ,-65,150,"SMAJ130CA, DO-214AC 130V   BI-directional",Datasheet,http://m.littelfuse.com/~/media/electronics/datasheets/tvs_diodes/littelfuse_tvs_diode_smaj_datasheet.pdf.pdf,"DO-214AC, 130V",SMAJ130CA STMicroelectronics , , ,
SMAJ150CA,STMicroelectronics ,SMAJ150CA-TR,TVS_single_bidirectional.SchLib,TVS_single_bidirectional,PCB - DIODES - ST DO214AC SMA.PCBLIB,ST DO214AC SMA,DO-214AC,Bidirectional,150, , , ,-65,150,"SMAJ150CA, DO-214AC 150V   BI-directional",Datasheet,http://m.littelfuse.com/~/media/electronics/datasheets/tvs_diodes/littelfuse_tvs_diode_smaj_datasheet.pdf.pdf,"DO-214AC, 150V",SMAJ150CA STMicroelectronics , , ,
SMAJ160CA,STMicroelectronics ,SMAJ160CA-TR,TVS_single_bidirectional.SchLib,TVS_single_bidirectional,PCB - DIODES - ST DO214AC SMA.PCBLIB,ST DO214AC SMA,DO-214AC,Bidirectional,160, , , ,-65,150,"SMAJ160CA, DO-214AC 160V   BI-directional",Datasheet,http://m.littelfuse.com/~/media/electronics/datasheets/tvs_diodes/littelfuse_tvs_diode_smaj_datasheet.pdf.pdf,"DO-214AC, 160V",SMAJ160CA STMicroelectronics , , ,
SMAJ170CA,STMicroelectronics ,SMAJ170CA-TR,TVS_single_bidirectional.SchLib,TVS_single_bidirectional,PCB - DIODES - ST DO214AC SMA.PCBLIB,ST DO214AC SMA,DO-214AC,Bidirectional,170, , , ,-65,150,"SMAJ170CA, DO-214AC 170V   BI-directional",Datasheet,http://m.littelfuse.com/~/media/electronics/datasheets/tvs_diodes/littelfuse_tvs_diode_smaj_datasheet.pdf.pdf,"DO-214AC, 170V",SMAJ170CA STMicroelectronics , , ,
SMAJ180CA,STMicroelectronics ,SMAJ180CA-TR,TVS_single_bidirectional.SchLib,TVS_single_bidirectional,PCB - DIODES - ST DO214AC SMA.PCBLIB,ST DO214AC SMA,DO-214AC,Bidirectional,180, , , ,-65,150,"SMAJ180CA, DO-214AC 180V   BI-directional",Datasheet,http://m.littelfuse.com/~/media/electronics/datasheets/tvs_diodes/littelfuse_tvs_diode_smaj_datasheet.pdf.pdf,"DO-214AC, 180V",SMAJ180CA STMicroelectronics , , ,
SMAJ200CA,STMicroelectronics ,SMAJ200CA-TR,TVS_single_bidirectional.SchLib,TVS_single_bidirectional,PCB - DIODES - ST DO214AC SMA.PCBLIB,ST DO214AC SMA,DO-214AC,Bidirectional,200, , , ,-65,150,"SMAJ200CA, DO-214AC 200V   BI-directional",Datasheet,http://m.littelfuse.com/~/media/electronics/datasheets/tvs_diodes/littelfuse_tvs_diode_smaj_datasheet.pdf.pdf,"DO-214AC, 200V",SMAJ200CA STMicroelectronics , , ,
SMAJ220CA,STMicroelectronics ,SMAJ220CA-TR,TVS_single_bidirectional.SchLib,TVS_single_bidirectional,PCB - DIODES - ST DO214AC SMA.PCBLIB,ST DO214AC SMA,DO-214AC,Bidirectional,220, , , ,-65,150,"SMAJ220CA, DO-214AC 220V   BI-directional",Datasheet,http://m.littelfuse.com/~/media/electronics/datasheets/tvs_diodes/littelfuse_tvs_diode_smaj_datasheet.pdf.pdf,"DO-214AC, 220V",SMAJ220CA STMicroelectronics , , ,
SMAJ250CA,STMicroelectronics ,SMAJ250CA-TR,TVS_single_bidirectional.SchLib,TVS_single_bidirectional,PCB - DIODES - ST DO214AC SMA.PCBLIB,ST DO214AC SMA,DO-214AC,Bidirectional,250, , , ,-65,150,"SMAJ250CA, DO-214AC 250V   BI-directional",Datasheet,http://m.littelfuse.com/~/media/electronics/datasheets/tvs_diodes/littelfuse_tvs_diode_smaj_datasheet.pdf.pdf,"DO-214AC, 250V",SMAJ250CA STMicroelectronics , , ,
SMAJ300CA,STMicroelectronics ,SMAJ300CA-TR,TVS_single_bidirectional.SchLib,TVS_single_bidirectional,PCB - DIODES - ST DO214AC SMA.PCBLIB,ST DO214AC SMA,DO-214AC,Bidirectional,300, , , ,-65,150,"SMAJ300CA, DO-214AC 300V   BI-directional",Datasheet,http://m.littelfuse.com/~/media/electronics/datasheets/tvs_diodes/littelfuse_tvs_diode_smaj_datasheet.pdf.pdf,"DO-214AC, 300V",SMAJ300CA STMicroelectronics , , ,
SMAJ350CA,STMicroelectronics ,SMAJ350CA-TR,TVS_single_bidirectional.SchLib,TVS_single_bidirectional,PCB - DIODES - ST DO214AC SMA.PCBLIB,ST DO214AC SMA,DO-214AC,Bidirectional,350, , , ,-65,150,"SMAJ350CA, DO-214AC 350V   BI-directional",Datasheet,http://m.littelfuse.com/~/media/electronics/datasheets/tvs_diodes/littelfuse_tvs_diode_smaj_datasheet.pdf.pdf,"DO-214AC, 350V",SMAJ350CA STMicroelectronics , , ,
SMAJ400CA,STMicroelectronics ,SMAJ400CA-TR,TVS_single_bidirectional.SchLib,TVS_single_bidirectional,PCB - DIODES - ST DO214AC SMA.PCBLIB,ST DO214AC SMA,DO-214AC,Bidirectional,400, , , ,-65,150,"SMAJ400CA, DO-214AC 400V   BI-directional",Datasheet,http://m.littelfuse.com/~/media/electronics/datasheets/tvs_diodes/littelfuse_tvs_diode_smaj_datasheet.pdf.pdf,"DO-214AC, 400V",SMAJ400CA STMicroelectronics , , ,
SMAJ440CA,STMicroelectronics ,SMAJ440CA-TR,TVS_single_bidirectional.SchLib,TVS_single_bidirectional,PCB - DIODES - ST DO214AC SMA.PCBLIB,ST DO214AC SMA,DO-214AC,Bidirectional,440, , , ,-65,150,"SMAJ440CA, DO-214AC 440V   BI-directional",Datasheet,http://m.littelfuse.com/~/media/electronics/datasheets/tvs_diodes/littelfuse_tvs_diode_smaj_datasheet.pdf.pdf,"DO-214AC, 440V",SMAJ440CA STMicroelectronics , , ,
SMAJ5.0A,STMicroelectronics ,SMAJ5.0A-TR,TVS_single_unidirectional.SchLib,TVS_single_unidirectional,PCB - DIODES - ST DO214AC SMA.PCBLIB,ST DO214AC SMA,DO-214AC,Unidirectional,5, , , ,-65,150,"SMAJ5.0A, DO-214AC 5V   ",Datasheet,http://m.littelfuse.com/~/media/electronics/datasheets/tvs_diodes/littelfuse_tvs_diode_smaj_datasheet.pdf.pdf,"DO-214AC, 5V",SMAJ5.0A STMicroelectronics , , ,
SMAJ6.0A,STMicroelectronics ,SMAJ6.0A-TR,TVS_single_unidirectional.SchLib,TVS_single_unidirectional,PCB - DIODES - ST DO214AC SMA.PCBLIB,ST DO214AC SMA,DO-214AC,Unidirectional,6, , , ,-65,150,"SMAJ6.0A, DO-214AC 6V   ",Datasheet,http://m.littelfuse.com/~/media/electronics/datasheets/tvs_diodes/littelfuse_tvs_diode_smaj_datasheet.pdf.pdf,"DO-214AC, 6V",SMAJ6.0A STMicroelectronics , , ,
SMAJ6.5A,STMicroelectronics ,SMAJ6.5A-TR,TVS_single_unidirectional.SchLib,TVS_single_unidirectional,PCB - DIODES - ST DO214AC SMA.PCBLIB,ST DO214AC SMA,DO-214AC,Unidirectional,"6,5", , , ,-65,150,"SMAJ6.5A, DO-214AC 6,5V   ",Datasheet,http://m.littelfuse.com/~/media/electronics/datasheets/tvs_diodes/littelfuse_tvs_diode_smaj_datasheet.pdf.pdf,"DO-214AC, 6,5V",SMAJ6.5A STMicroelectronics , , ,
SMAJ7.0A,STMicroelectronics ,SMAJ7.0A-TR,TVS_single_unidirectional.SchLib,TVS_single_unidirectional,PCB - DIODES - ST DO214AC SMA.PCBLIB,ST DO214AC SMA,DO-214AC,Unidirectional,7, , , ,-65,150,"SMAJ7.0A, DO-214AC 7V   ",Datasheet,http://m.littelfuse.com/~/media/electronics/datasheets/tvs_diodes/littelfuse_tvs_diode_smaj_datasheet.pdf.pdf,"DO-214AC, 7V",SMAJ7.0A STMicroelectronics , , ,
SMAJ7.5A,STMicroelectronics ,SMAJ7.5A-TR,TVS_single_unidirectional.SchLib,TVS_single_unidirectional,PCB - DIODES - ST DO214AC SMA.PCBLIB,ST DO214AC SMA,DO-214AC,Unidirectional,"7,5", , , ,-65,150,"SMAJ7.5A, DO-214AC 7,5V   ",Datasheet,http://m.littelfuse.com/~/media/electronics/datasheets/tvs_diodes/littelfuse_tvs_diode_smaj_datasheet.pdf.pdf,"DO-214AC, 7,5V",SMAJ7.5A STMicroelectronics , , ,
SMAJ8.0A,STMicroelectronics ,SMAJ8.0A-TR,TVS_single_unidirectional.SchLib,TVS_single_unidirectional,PCB - DIODES - ST DO214AC SMA.PCBLIB,ST DO214AC SMA,DO-214AC,Unidirectional,8, , , ,-65,150,"SMAJ8.0A, DO-214AC 8V   ",Datasheet,http://m.littelfuse.com/~/media/electronics/datasheets/tvs_diodes/littelfuse_tvs_diode_smaj_datasheet.pdf.pdf,"DO-214AC, 8V",SMAJ8.0A STMicroelectronics , , ,
SMAJ8.5A,STMicroelectronics ,SMAJ8.5A-TR,TVS_single_unidirectional.SchLib,TVS_single_unidirectional,PCB - DIODES - ST DO214AC SMA.PCBLIB,ST DO214AC SMA,DO-214AC,Unidirectional,"8,5", , , ,-65,150,"SMAJ8.5A, DO-214AC 8,5V   ",Datasheet,http://m.littelfuse.com/~/media/electronics/datasheets/tvs_diodes/littelfuse_tvs_diode_smaj_datasheet.pdf.pdf,"DO-214AC, 8,5V",SMAJ8.5A STMicroelectronics , , ,
SMAJ9.0A,STMicroelectronics ,SMAJ9.0A-TR,TVS_single_unidirectional.SchLib,TVS_single_unidirectional,PCB - DIODES - ST DO214AC SMA.PCBLIB,ST DO214AC SMA,DO-214AC,Unidirectional,9, , , ,-65,150,"SMAJ9.0A, DO-214AC 9V   ",Datasheet,http://m.littelfuse.com/~/media/electronics/datasheets/tvs_diodes/littelfuse_tvs_diode_smaj_datasheet.pdf.pdf,"DO-214AC, 9V",SMAJ9.0A STMicroelectronics , , ,
SMAJ10A,STMicroelectronics ,SMAJ10A-TR,TVS_single_unidirectional.SchLib,TVS_single_unidirectional,PCB - DIODES - ST DO214AC SMA.PCBLIB,ST DO214AC SMA,DO-214AC,Unidirectional,10, , , ,-65,150,"SMAJ10A, DO-214AC 10V   ",Datasheet,http://m.littelfuse.com/~/media/electronics/datasheets/tvs_diodes/littelfuse_tvs_diode_smaj_datasheet.pdf.pdf,"DO-214AC, 10V",SMAJ10A STMicroelectronics , , ,
SMAJ11A,STMicroelectronics ,SMAJ11A-TR,TVS_single_unidirectional.SchLib,TVS_single_unidirectional,PCB - DIODES - ST DO214AC SMA.PCBLIB,ST DO214AC SMA,DO-214AC,Unidirectional,11, , , ,-65,150,"SMAJ11A, DO-214AC 11V   ",Datasheet,http://m.littelfuse.com/~/media/electronics/datasheets/tvs_diodes/littelfuse_tvs_diode_smaj_datasheet.pdf.pdf,"DO-214AC, 11V",SMAJ11A STMicroelectronics , , ,
SMAJ12A,STMicroelectronics ,SMAJ12A-TR,TVS_single_unidirectional.SchLib,TVS_single_unidirectional,PCB - DIODES - ST DO214AC SMA.PCBLIB,ST DO214AC SMA,DO-214AC,Unidirectional,12, , , ,-65,150,"SMAJ12A, DO-214AC 12V   ",Datasheet,http://m.littelfuse.com/~/media/electronics/datasheets/tvs_diodes/littelfuse_tvs_diode_smaj_datasheet.pdf.pdf,"DO-214AC, 12V",SMAJ12A STMicroelectronics , , ,
SMAJ13A,STMicroelectronics ,SMAJ13A-TR,TVS_single_unidirectional.SchLib,TVS_single_unidirectional,PCB - DIODES - ST DO214AC SMA.PCBLIB,ST DO214AC SMA,DO-214AC,Unidirectional,13, , , ,-65,150,"SMAJ13A, DO-214AC 13V   ",Datasheet,http://m.littelfuse.com/~/media/electronics/datasheets/tvs_diodes/littelfuse_tvs_diode_smaj_datasheet.pdf.pdf,"DO-214AC, 13V",SMAJ13A STMicroelectronics , , ,
SMAJ14A,STMicroelectronics ,SMAJ14A-TR,TVS_single_unidirectional.SchLib,TVS_single_unidirectional,PCB - DIODES - ST DO214AC SMA.PCBLIB,ST DO214AC SMA,DO-214AC,Unidirectional,14, , , ,-65,150,"SMAJ14A, DO-214AC 14V   ",Datasheet,http://m.littelfuse.com/~/media/electronics/datasheets/tvs_diodes/littelfuse_tvs_diode_smaj_datasheet.pdf.pdf,"DO-214AC, 14V",SMAJ14A STMicroelectronics , , ,
SMAJ15A,STMicroelectronics ,SMAJ15A-TR,TVS_single_unidirectional.SchLib,TVS_single_unidirectional,PCB - DIODES - ST DO214AC SMA.PCBLIB,ST DO214AC SMA,DO-214AC,Unidirectional,15, , , ,-65,150,"SMAJ15A, DO-214AC 15V   ",Datasheet,http://m.littelfuse.com/~/media/electronics/datasheets/tvs_diodes/littelfuse_tvs_diode_smaj_datasheet.pdf.pdf,"DO-214AC, 15V",SMAJ15A STMicroelectronics , , ,
SMAJ16A,STMicroelectronics ,SMAJ16A-TR,TVS_single_unidirectional.SchLib,TVS_single_unidirectional,PCB - DIODES - ST DO214AC SMA.PCBLIB,ST DO214AC SMA,DO-214AC,Unidirectional,16, , , ,-65,150,"SMAJ16A, DO-214AC 16V   ",Datasheet,http://m.littelfuse.com/~/media/electronics/datasheets/tvs_diodes/littelfuse_tvs_diode_smaj_datasheet.pdf.pdf,"DO-214AC, 16V",SMAJ16A STMicroelectronics , , ,
SMAJ17A,STMicroelectronics ,SMAJ17A-TR,TVS_single_unidirectional.SchLib,TVS_single_unidirectional,PCB - DIODES - ST DO214AC SMA.PCBLIB,ST DO214AC SMA,DO-214AC,Unidirectional,17, , , ,-65,150,"SMAJ17A, DO-214AC 17V   ",Datasheet,http://m.littelfuse.com/~/media/electronics/datasheets/tvs_diodes/littelfuse_tvs_diode_smaj_datasheet.pdf.pdf,"DO-214AC, 17V",SMAJ17A STMicroelectronics , , ,
SMAJ18A,STMicroelectronics ,SMAJ18A-TR,TVS_single_unidirectional.SchLib,TVS_single_unidirectional,PCB - DIODES - ST DO214AC SMA.PCBLIB,ST DO214AC SMA,DO-214AC,Unidirectional,18, , , ,-65,150,"SMAJ18A, DO-214AC 18V   ",Datasheet,http://m.littelfuse.com/~/media/electronics/datasheets/tvs_diodes/littelfuse_tvs_diode_smaj_datasheet.pdf.pdf,"DO-214AC, 18V",SMAJ18A STMicroelectronics , , ,
SMAJ20A,STMicroelectronics ,SMAJ20A-TR,TVS_single_unidirectional.SchLib,TVS_single_unidirectional,PCB - DIODES - ST DO214AC SMA.PCBLIB,ST DO214AC SMA,DO-214AC,Unidirectional,20, , , ,-65,150,"SMAJ20A, DO-214AC 20V   ",Datasheet,http://m.littelfuse.com/~/media/electronics/datasheets/tvs_diodes/littelfuse_tvs_diode_smaj_datasheet.pdf.pdf,"DO-214AC, 20V",SMAJ20A STMicroelectronics , , ,
SMAJ22A,STMicroelectronics ,SMAJ22A-TR,TVS_single_unidirectional.SchLib,TVS_single_unidirectional,PCB - DIODES - ST DO214AC SMA.PCBLIB,ST DO214AC SMA,DO-214AC,Unidirectional,22, , , ,-65,150,"SMAJ22A, DO-214AC 22V   ",Datasheet,http://m.littelfuse.com/~/media/electronics/datasheets/tvs_diodes/littelfuse_tvs_diode_smaj_datasheet.pdf.pdf,"DO-214AC, 22V",SMAJ22A STMicroelectronics , , ,
SMAJ24A,STMicroelectronics ,SMAJ24A-TR,TVS_single_unidirectional.SchLib,TVS_single_unidirectional,PCB - DIODES - ST DO214AC SMA.PCBLIB,ST DO214AC SMA,DO-214AC,Unidirectional,24, , , ,-65,150,"SMAJ24A, DO-214AC 24V   ",Datasheet,http://m.littelfuse.com/~/media/electronics/datasheets/tvs_diodes/littelfuse_tvs_diode_smaj_datasheet.pdf.pdf,"DO-214AC, 24V",SMAJ24A STMicroelectronics , , ,
SMAJ26A,STMicroelectronics ,SMAJ26A-TR,TVS_single_unidirectional.SchLib,TVS_single_unidirectional,PCB - DIODES - ST DO214AC SMA.PCBLIB,ST DO214AC SMA,DO-214AC,Unidirectional,26, , , ,-65,150,"SMAJ26A, DO-214AC 26V   ",Datasheet,http://m.littelfuse.com/~/media/electronics/datasheets/tvs_diodes/littelfuse_tvs_diode_smaj_datasheet.pdf.pdf,"DO-214AC, 26V",SMAJ26A STMicroelectronics , , ,
SMAJ28A,STMicroelectronics ,SMAJ28A-TR,TVS_single_unidirectional.SchLib,TVS_single_unidirectional,PCB - DIODES - ST DO214AC SMA.PCBLIB,ST DO214AC SMA,DO-214AC,Unidirectional,28, , , ,-65,150,"SMAJ28A, DO-214AC 28V   ",Datasheet,http://m.littelfuse.com/~/media/electronics/datasheets/tvs_diodes/littelfuse_tvs_diode_smaj_datasheet.pdf.pdf,"DO-214AC, 28V",SMAJ28A STMicroelectronics , , ,
SMAJ30A,STMicroelectronics ,SMAJ30A-TR,TVS_single_unidirectional.SchLib,TVS_single_unidirectional,PCB - DIODES - ST DO214AC SMA.PCBLIB,ST DO214AC SMA,DO-214AC,Unidirectional,30, , , ,-65,150,"SMAJ30A, DO-214AC 30V   ",Datasheet,http://m.littelfuse.com/~/media/electronics/datasheets/tvs_diodes/littelfuse_tvs_diode_smaj_datasheet.pdf.pdf,"DO-214AC, 30V",SMAJ30A STMicroelectronics , , ,
SMAJ33A,STMicroelectronics ,SMAJ33A-TR,TVS_single_unidirectional.SchLib,TVS_single_unidirectional,PCB - DIODES - ST DO214AC SMA.PCBLIB,ST DO214AC SMA,DO-214AC,Unidirectional,33, , , ,-65,150,"SMAJ33A, DO-214AC 33V   ",Datasheet,http://m.littelfuse.com/~/media/electronics/datasheets/tvs_diodes/littelfuse_tvs_diode_smaj_datasheet.pdf.pdf,"DO-214AC, 33V",SMAJ33A STMicroelectronics , , ,
SMAJ36A,STMicroelectronics ,SMAJ36A-TR,TVS_single_unidirectional.SchLib,TVS_single_unidirectional,PCB - DIODES - ST DO214AC SMA.PCBLIB,ST DO214AC SMA,DO-214AC,Unidirectional,36, , , ,-65,150,"SMAJ36A, DO-214AC 36V   ",Datasheet,http://m.littelfuse.com/~/media/electronics/datasheets/tvs_diodes/littelfuse_tvs_diode_smaj_datasheet.pdf.pdf,"DO-214AC, 36V",SMAJ36A STMicroelectronics , , ,
SMAJ40A,STMicroelectronics ,SMAJ40A-TR,TVS_single_unidirectional.SchLib,TVS_single_unidirectional,PCB - DIODES - ST DO214AC SMA.PCBLIB,ST DO214AC SMA,DO-214AC,Unidirectional,40, , , ,-65,150,"SMAJ40A, DO-214AC 40V   ",Datasheet,http://m.littelfuse.com/~/media/electronics/datasheets/tvs_diodes/littelfuse_tvs_diode_smaj_datasheet.pdf.pdf,"DO-214AC, 40V",SMAJ40A STMicroelectronics , , ,
SMAJ43A,STMicroelectronics ,SMAJ43A-TR,TVS_single_unidirectional.SchLib,TVS_single_unidirectional,PCB - DIODES - ST DO214AC SMA.PCBLIB,ST DO214AC SMA,DO-214AC,Unidirectional,43, , , ,-65,150,"SMAJ43A, DO-214AC 43V   ",Datasheet,http://m.littelfuse.com/~/media/electronics/datasheets/tvs_diodes/littelfuse_tvs_diode_smaj_datasheet.pdf.pdf,"DO-214AC, 43V",SMAJ43A STMicroelectronics , , ,
SMAJ45A,STMicroelectronics ,SMAJ45A-TR,TVS_single_unidirectional.SchLib,TVS_single_unidirectional,PCB - DIODES - ST DO214AC SMA.PCBLIB,ST DO214AC SMA,DO-214AC,Unidirectional,45, , , ,-65,150,"SMAJ45A, DO-214AC 45V   ",Datasheet,http://m.littelfuse.com/~/media/electronics/datasheets/tvs_diodes/littelfuse_tvs_diode_smaj_datasheet.pdf.pdf,"DO-214AC, 45V",SMAJ45A STMicroelectronics , , ,
SMAJ48A,STMicroelectronics ,SMAJ48A-TR,TVS_single_unidirectional.SchLib,TVS_single_unidirectional,PCB - DIODES - ST DO214AC SMA.PCBLIB,ST DO214AC SMA,DO-214AC,Unidirectional,48, , , ,-65,150,"SMAJ48A, DO-214AC 48V   ",Datasheet,http://m.littelfuse.com/~/media/electronics/datasheets/tvs_diodes/littelfuse_tvs_diode_smaj_datasheet.pdf.pdf,"DO-214AC, 48V",SMAJ48A STMicroelectronics , , ,
SMAJ51A,STMicroelectronics ,SMAJ51A-TR,TVS_single_unidirectional.SchLib,TVS_single_unidirectional,PCB - DIODES - ST DO214AC SMA.PCBLIB,ST DO214AC SMA,DO-214AC,Unidirectional,51, , , ,-65,150,"SMAJ51A, DO-214AC 51V   ",Datasheet,http://m.littelfuse.com/~/media/electronics/datasheets/tvs_diodes/littelfuse_tvs_diode_smaj_datasheet.pdf.pdf,"DO-214AC, 51V",SMAJ51A STMicroelectronics , , ,
SMAJ54A,STMicroelectronics ,SMAJ54A-TR,TVS_single_unidirectional.SchLib,TVS_single_unidirectional,PCB - DIODES - ST DO214AC SMA.PCBLIB,ST DO214AC SMA,DO-214AC,Unidirectional,54, , , ,-65,150,"SMAJ54A, DO-214AC 54V   ",Datasheet,http://m.littelfuse.com/~/media/electronics/datasheets/tvs_diodes/littelfuse_tvs_diode_smaj_datasheet.pdf.pdf,"DO-214AC, 54V",SMAJ54A STMicroelectronics , , ,
SMAJ58A,STMicroelectronics ,SMAJ58A-TR,TVS_single_unidirectional.SchLib,TVS_single_unidirectional,PCB - DIODES - ST DO214AC SMA.PCBLIB,ST DO214AC SMA,DO-214AC,Unidirectional,58, , , ,-65,150,"SMAJ58A, DO-214AC 58V   ",Datasheet,http://m.littelfuse.com/~/media/electronics/datasheets/tvs_diodes/littelfuse_tvs_diode_smaj_datasheet.pdf.pdf,"DO-214AC, 58V",SMAJ58A STMicroelectronics , , ,
SMAJ60A,STMicroelectronics ,SMAJ60A-TR,TVS_single_unidirectional.SchLib,TVS_single_unidirectional,PCB - DIODES - ST DO214AC SMA.PCBLIB,ST DO214AC SMA,DO-214AC,Unidirectional,60, , , ,-65,150,"SMAJ60A, DO-214AC 60V   ",Datasheet,http://m.littelfuse.com/~/media/electronics/datasheets/tvs_diodes/littelfuse_tvs_diode_smaj_datasheet.pdf.pdf,"DO-214AC, 60V",SMAJ60A STMicroelectronics , , ,
SMAJ64A,STMicroelectronics ,SMAJ64A-TR,TVS_single_unidirectional.SchLib,TVS_single_unidirectional,PCB - DIODES - ST DO214AC SMA.PCBLIB,ST DO214AC SMA,DO-214AC,Unidirectional,64, , , ,-65,150,"SMAJ64A, DO-214AC 64V   ",Datasheet,http://m.littelfuse.com/~/media/electronics/datasheets/tvs_diodes/littelfuse_tvs_diode_smaj_datasheet.pdf.pdf,"DO-214AC, 64V",SMAJ64A STMicroelectronics , , ,
SMAJ70A,STMicroelectronics ,SMAJ70A-TR,TVS_single_unidirectional.SchLib,TVS_single_unidirectional,PCB - DIODES - ST DO214AC SMA.PCBLIB,ST DO214AC SMA,DO-214AC,Unidirectional,70, , , ,-65,150,"SMAJ70A, DO-214AC 70V   ",Datasheet,http://m.littelfuse.com/~/media/electronics/datasheets/tvs_diodes/littelfuse_tvs_diode_smaj_datasheet.pdf.pdf,"DO-214AC, 70V",SMAJ70A STMicroelectronics , , ,
SMAJ75A,STMicroelectronics ,SMAJ75A-TR,TVS_single_unidirectional.SchLib,TVS_single_unidirectional,PCB - DIODES - ST DO214AC SMA.PCBLIB,ST DO214AC SMA,DO-214AC,Unidirectional,75, , , ,-65,150,"SMAJ75A, DO-214AC 75V   ",Datasheet,http://m.littelfuse.com/~/media/electronics/datasheets/tvs_diodes/littelfuse_tvs_diode_smaj_datasheet.pdf.pdf,"DO-214AC, 75V",SMAJ75A STMicroelectronics , , ,
SMAJ78A,STMicroelectronics ,SMAJ78A-TR,TVS_single_unidirectional.SchLib,TVS_single_unidirectional,PCB - DIODES - ST DO214AC SMA.PCBLIB,ST DO214AC SMA,DO-214AC,Unidirectional,78, , , ,-65,150,"SMAJ78A, DO-214AC 78V   ",Datasheet,http://m.littelfuse.com/~/media/electronics/datasheets/tvs_diodes/littelfuse_tvs_diode_smaj_datasheet.pdf.pdf,"DO-214AC, 78V",SMAJ78A STMicroelectronics , , ,
SMAJ85A,STMicroelectronics ,SMAJ85A-TR,TVS_single_unidirectional.SchLib,TVS_single_unidirectional,PCB - DIODES - ST DO214AC SMA.PCBLIB,ST DO214AC SMA,DO-214AC,Unidirectional,85, , , ,-65,150,"SMAJ85A, DO-214AC 85V   ",Datasheet,http://m.littelfuse.com/~/media/electronics/datasheets/tvs_diodes/littelfuse_tvs_diode_smaj_datasheet.pdf.pdf,"DO-214AC, 85V",SMAJ85A STMicroelectronics , , ,
SMAJ90A,STMicroelectronics ,SMAJ90A-TR,TVS_single_unidirectional.SchLib,TVS_single_unidirectional,PCB - DIODES - ST DO214AC SMA.PCBLIB,ST DO214AC SMA,DO-214AC,Unidirectional,90, , , ,-65,150,"SMAJ90A, DO-214AC 90V   ",Datasheet,http://m.littelfuse.com/~/media/electronics/datasheets/tvs_diodes/littelfuse_tvs_diode_smaj_datasheet.pdf.pdf,"DO-214AC, 90V",SMAJ90A STMicroelectronics , , ,
SMAJ100A,STMicroelectronics ,SMAJ100A-TR,TVS_single_unidirectional.SchLib,TVS_single_unidirectional,PCB - DIODES - ST DO214AC SMA.PCBLIB,ST DO214AC SMA,DO-214AC,Unidirectional,100, , , ,-65,150,"SMAJ100A, DO-214AC 100V   ",Datasheet,http://m.littelfuse.com/~/media/electronics/datasheets/tvs_diodes/littelfuse_tvs_diode_smaj_datasheet.pdf.pdf,"DO-214AC, 100V",SMAJ100A STMicroelectronics , , ,
SMAJ110A,STMicroelectronics ,SMAJ110A-TR,TVS_single_unidirectional.SchLib,TVS_single_unidirectional,PCB - DIODES - ST DO214AC SMA.PCBLIB,ST DO214AC SMA,DO-214AC,Unidirectional,110, , , ,-65,150,"SMAJ110A, DO-214AC 110V   ",Datasheet,http://m.littelfuse.com/~/media/electronics/datasheets/tvs_diodes/littelfuse_tvs_diode_smaj_datasheet.pdf.pdf,"DO-214AC, 110V",SMAJ110A STMicroelectronics , , ,
SMAJ120A,STMicroelectronics ,SMAJ120A-TR,TVS_single_unidirectional.SchLib,TVS_single_unidirectional,PCB - DIODES - ST DO214AC SMA.PCBLIB,ST DO214AC SMA,DO-214AC,Unidirectional,120, , , ,-65,150,"SMAJ120A, DO-214AC 120V   ",Datasheet,http://m.littelfuse.com/~/media/electronics/datasheets/tvs_diodes/littelfuse_tvs_diode_smaj_datasheet.pdf.pdf,"DO-214AC, 120V",SMAJ120A STMicroelectronics , , ,
SMAJ130A,STMicroelectronics ,SMAJ130A-TR,TVS_single_unidirectional.SchLib,TVS_single_unidirectional,PCB - DIODES - ST DO214AC SMA.PCBLIB,ST DO214AC SMA,DO-214AC,Unidirectional,130, , , ,-65,150,"SMAJ130A, DO-214AC 130V   ",Datasheet,http://m.littelfuse.com/~/media/electronics/datasheets/tvs_diodes/littelfuse_tvs_diode_smaj_datasheet.pdf.pdf,"DO-214AC, 130V",SMAJ130A STMicroelectronics , , ,
SMAJ150A,STMicroelectronics ,SMAJ150A-TR,TVS_single_unidirectional.SchLib,TVS_single_unidirectional,PCB - DIODES - ST DO214AC SMA.PCBLIB,ST DO214AC SMA,DO-214AC,Unidirectional,150, , , ,-65,150,"SMAJ150A, DO-214AC 150V   ",Datasheet,http://m.littelfuse.com/~/media/electronics/datasheets/tvs_diodes/littelfuse_tvs_diode_smaj_datasheet.pdf.pdf,"DO-214AC, 150V",SMAJ150A STMicroelectronics , , ,
SMAJ160A,STMicroelectronics ,SMAJ160A-TR,TVS_single_unidirectional.SchLib,TVS_single_unidirectional,PCB - DIODES - ST DO214AC SMA.PCBLIB,ST DO214AC SMA,DO-214AC,Unidirectional,160, , , ,-65,150,"SMAJ160A, DO-214AC 160V   ",Datasheet,http://m.littelfuse.com/~/media/electronics/datasheets/tvs_diodes/littelfuse_tvs_diode_smaj_datasheet.pdf.pdf,"DO-214AC, 160V",SMAJ160A STMicroelectronics , , ,
SMAJ170A,STMicroelectronics ,SMAJ170A-TR,TVS_single_unidirectional.SchLib,TVS_single_unidirectional,PCB - DIODES - ST DO214AC SMA.PCBLIB,ST DO214AC SMA,DO-214AC,Unidirectional,170, , , ,-65,150,"SMAJ170A, DO-214AC 170V   ",Datasheet,http://m.littelfuse.com/~/media/electronics/datasheets/tvs_diodes/littelfuse_tvs_diode_smaj_datasheet.pdf.pdf,"DO-214AC, 170V",SMAJ170A STMicroelectronics , , ,
SMAJ180A,STMicroelectronics ,SMAJ180A-TR,TVS_single_unidirectional.SchLib,TVS_single_unidirectional,PCB - DIODES - ST DO214AC SMA.PCBLIB,ST DO214AC SMA,DO-214AC,Unidirectional,180, , , ,-65,150,"SMAJ180A, DO-214AC 180V   ",Datasheet,http://m.littelfuse.com/~/media/electronics/datasheets/tvs_diodes/littelfuse_tvs_diode_smaj_datasheet.pdf.pdf,"DO-214AC, 180V",SMAJ180A STMicroelectronics , , ,
SMAJ200A,STMicroelectronics ,SMAJ200A-TR,TVS_single_unidirectional.SchLib,TVS_single_unidirectional,PCB - DIODES - ST DO214AC SMA.PCBLIB,ST DO214AC SMA,DO-214AC,Unidirectional,200, , , ,-65,150,"SMAJ200A, DO-214AC 200V   ",Datasheet,http://m.littelfuse.com/~/media/electronics/datasheets/tvs_diodes/littelfuse_tvs_diode_smaj_datasheet.pdf.pdf,"DO-214AC, 200V",SMAJ200A STMicroelectronics , , ,
SMAJ220A,STMicroelectronics ,SMAJ220A-TR,TVS_single_unidirectional.SchLib,TVS_single_unidirectional,PCB - DIODES - ST DO214AC SMA.PCBLIB,ST DO214AC SMA,DO-214AC,Unidirectional,220, , , ,-65,150,"SMAJ220A, DO-214AC 220V   ",Datasheet,http://m.littelfuse.com/~/media/electronics/datasheets/tvs_diodes/littelfuse_tvs_diode_smaj_datasheet.pdf.pdf,"DO-214AC, 220V",SMAJ220A STMicroelectronics , , ,
SMAJ250A,STMicroelectronics ,SMAJ250A-TR,TVS_single_unidirectional.SchLib,TVS_single_unidirectional,PCB - DIODES - ST DO214AC SMA.PCBLIB,ST DO214AC SMA,DO-214AC,Unidirectional,250, , , ,-65,150,"SMAJ250A, DO-214AC 250V   ",Datasheet,http://m.littelfuse.com/~/media/electronics/datasheets/tvs_diodes/littelfuse_tvs_diode_smaj_datasheet.pdf.pdf,"DO-214AC, 250V",SMAJ250A STMicroelectronics , , ,
SMAJ300A,STMicroelectronics ,SMAJ300A-TR,TVS_single_unidirectional.SchLib,TVS_single_unidirectional,PCB - DIODES - ST DO214AC SMA.PCBLIB,ST DO214AC SMA,DO-214AC,Unidirectional,300, , , ,-65,150,"SMAJ300A, DO-214AC 300V   ",Datasheet,http://m.littelfuse.com/~/media/electronics/datasheets/tvs_diodes/littelfuse_tvs_diode_smaj_datasheet.pdf.pdf,"DO-214AC, 300V",SMAJ300A STMicroelectronics , , ,
SMAJ350A,STMicroelectronics ,SMAJ350A-TR,TVS_single_unidirectional.SchLib,TVS_single_unidirectional,PCB - DIODES - ST DO214AC SMA.PCBLIB,ST DO214AC SMA,DO-214AC,Unidirectional,350, , , ,-65,150,"SMAJ350A, DO-214AC 350V   ",Datasheet,http://m.littelfuse.com/~/media/electronics/datasheets/tvs_diodes/littelfuse_tvs_diode_smaj_datasheet.pdf.pdf,"DO-214AC, 350V",SMAJ350A STMicroelectronics , , ,
SMAJ400A,STMicroelectronics ,SMAJ400A-TR,TVS_single_unidirectional.SchLib,TVS_single_unidirectional,PCB - DIODES - ST DO214AC SMA.PCBLIB,ST DO214AC SMA,DO-214AC,Unidirectional,400, , , ,-65,150,"SMAJ400A, DO-214AC 400V   ",Datasheet,http://m.littelfuse.com/~/media/electronics/datasheets/tvs_diodes/littelfuse_tvs_diode_smaj_datasheet.pdf.pdf,"DO-214AC, 400V",SMAJ400A STMicroelectronics , , ,
SMAJ440A,STMicroelectronics ,SMAJ440A-TR,TVS_single_unidirectional.SchLib,TVS_single_unidirectional,PCB - DIODES - ST DO214AC SMA.PCBLIB,ST DO214AC SMA,DO-214AC,Unidirectional,440, , , ,-65,150,"SMAJ440A, DO-214AC 440V   ",Datasheet,http://m.littelfuse.com/~/media/electronics/datasheets/tvs_diodes/littelfuse_tvs_diode_smaj_datasheet.pdf.pdf,"DO-214AC, 440V",SMAJ440A STMicroelectronics , , ,
SMBJ5.0A,"Littelfuse, Inc", ,TVS_single_unidirectional.SchLib,TVS_single_unidirectional,PCB - DIODES - ST DO214AA SMB.PCBLIB,ST DO214AA SMB,DO-214AA,Unidirectional,5, , , ,-65,150,"SMBJ5.0A, DO-214AA 5V   ",Datasheet,https://www.littelfuse.com/~/media/electronics/datasheets/tvs_diodes/littelfuse_tvs_diode_smbj_datasheet.pdf.pdf,"DO-214AA, 5V","SMBJ5.0A Littelfuse, Inc", , ,
SMBJ6.0A,"Littelfuse, Inc", ,TVS_single_unidirectional.SchLib,TVS_single_unidirectional,PCB - DIODES - ST DO214AA SMB.PCBLIB,ST DO214AA SMB,DO-214AA,Unidirectional,6, , , ,-65,150,"SMBJ6.0A, DO-214AA 6V   ",Datasheet,https://www.littelfuse.com/~/media/electronics/datasheets/tvs_diodes/littelfuse_tvs_diode_smbj_datasheet.pdf.pdf,"DO-214AA, 6V","SMBJ6.0A Littelfuse, Inc", , ,
SMBJ6.5A,"Littelfuse, Inc", ,TVS_single_unidirectional.SchLib,TVS_single_unidirectional,PCB - DIODES - ST DO214AA SMB.PCBLIB,ST DO214AA SMB,DO-214AA,Unidirectional,"6,5", , , ,-65,150,"SMBJ6.5A, DO-214AA 6,5V   ",Datasheet,https://www.littelfuse.com/~/media/electronics/datasheets/tvs_diodes/littelfuse_tvs_diode_smbj_datasheet.pdf.pdf,"DO-214AA, 6,5V","SMBJ6.5A Littelfuse, Inc", , ,
SMBJ7.0A,"Littelfuse, Inc", ,TVS_single_unidirectional.SchLib,TVS_single_unidirectional,PCB - DIODES - ST DO214AA SMB.PCBLIB,ST DO214AA SMB,DO-214AA,Unidirectional,7, , , ,-65,150,"SMBJ7.0A, DO-214AA 7V   ",Datasheet,https://www.littelfuse.com/~/media/electronics/datasheets/tvs_diodes/littelfuse_tvs_diode_smbj_datasheet.pdf.pdf,"DO-214AA, 7V","SMBJ7.0A Littelfuse, Inc", , ,
SMBJ7.5A,"Littelfuse, Inc", ,TVS_single_unidirectional.SchLib,TVS_single_unidirectional,PCB - DIODES - ST DO214AA SMB.PCBLIB,ST DO214AA SMB,DO-214AA,Unidirectional,"7,5", , , ,-65,150,"SMBJ7.5A, DO-214AA 7,5V   ",Datasheet,https://www.littelfuse.com/~/media/electronics/datasheets/tvs_diodes/littelfuse_tvs_diode_smbj_datasheet.pdf.pdf,"DO-214AA, 7,5V","SMBJ7.5A Littelfuse, Inc", , ,
SMBJ8.0A,"Littelfuse, Inc", ,TVS_single_unidirectional.SchLib,TVS_single_unidirectional,PCB - DIODES - ST DO214AA SMB.PCBLIB,ST DO214AA SMB,DO-214AA,Unidirectional,8, , , ,-65,150,"SMBJ8.0A, DO-214AA 8V   ",Datasheet,https://www.littelfuse.com/~/media/electronics/datasheets/tvs_diodes/littelfuse_tvs_diode_smbj_datasheet.pdf.pdf,"DO-214AA, 8V","SMBJ8.0A Littelfuse, Inc", , ,
SMBJ8.5A,"Littelfuse, Inc", ,TVS_single_unidirectional.SchLib,TVS_single_unidirectional,PCB - DIODES - ST DO214AA SMB.PCBLIB,ST DO214AA SMB,DO-214AA,Unidirectional,"8,5", , , ,-65,150,"SMBJ8.5A, DO-214AA 8,5V   ",Datasheet,https://www.littelfuse.com/~/media/electronics/datasheets/tvs_diodes/littelfuse_tvs_diode_smbj_datasheet.pdf.pdf,"DO-214AA, 8,5V","SMBJ8.5A Littelfuse, Inc", , ,
SMBJ9.0A,"Littelfuse, Inc", ,TVS_single_unidirectional.SchLib,TVS_single_unidirectional,PCB - DIODES - ST DO214AA SMB.PCBLIB,ST DO214AA SMB,DO-214AA,Unidirectional,9, , , ,-65,150,"SMBJ9.0A, DO-214AA 9V   ",Datasheet,https://www.littelfuse.com/~/media/electronics/datasheets/tvs_diodes/littelfuse_tvs_diode_smbj_datasheet.pdf.pdf,"DO-214AA, 9V","SMBJ9.0A Littelfuse, Inc", , ,
SMBJ10A,"Littelfuse, Inc", ,TVS_single_unidirectional.SchLib,TVS_single_unidirectional,PCB - DIODES - ST DO214AA SMB.PCBLIB,ST DO214AA SMB,DO-214AA,Unidirectional,10, , , ,-65,150,"SMBJ10A, DO-214AA 10V   ",Datasheet,https://www.littelfuse.com/~/media/electronics/datasheets/tvs_diodes/littelfuse_tvs_diode_smbj_datasheet.pdf.pdf,"DO-214AA, 10V","SMBJ10A Littelfuse, Inc", , ,
SMBJ11A,"Littelfuse, Inc", ,TVS_single_unidirectional.SchLib,TVS_single_unidirectional,PCB - DIODES - ST DO214AA SMB.PCBLIB,ST DO214AA SMB,DO-214AA,Unidirectional,11, , , ,-65,150,"SMBJ11A, DO-214AA 11V   ",Datasheet,https://www.littelfuse.com/~/media/electronics/datasheets/tvs_diodes/littelfuse_tvs_diode_smbj_datasheet.pdf.pdf,"DO-214AA, 11V","SMBJ11A Littelfuse, Inc", , ,
SMBJ12A,"Littelfuse, Inc", ,TVS_single_unidirectional.SchLib,TVS_single_unidirectional,PCB - DIODES - ST DO214AA SMB.PCBLIB,ST DO214AA SMB,DO-214AA,Unidirectional,12, , , ,-65,150,"SMBJ12A, DO-214AA 12V   ",Datasheet,https://www.littelfuse.com/~/media/electronics/datasheets/tvs_diodes/littelfuse_tvs_diode_smbj_datasheet.pdf.pdf,"DO-214AA, 12V","SMBJ12A Littelfuse, Inc", , ,
SMBJ13A,"Littelfuse, Inc", ,TVS_single_unidirectional.SchLib,TVS_single_unidirectional,PCB - DIODES - ST DO214AA SMB.PCBLIB,ST DO214AA SMB,DO-214AA,Unidirectional,13, , , ,-65,150,"SMBJ13A, DO-214AA 13V   ",Datasheet,https://www.littelfuse.com/~/media/electronics/datasheets/tvs_diodes/littelfuse_tvs_diode_smbj_datasheet.pdf.pdf,"DO-214AA, 13V","SMBJ13A Littelfuse, Inc", , ,
SMBJ14A,"Littelfuse, Inc", ,TVS_single_unidirectional.SchLib,TVS_single_unidirectional,PCB - DIODES - ST DO214AA SMB.PCBLIB,ST DO214AA SMB,DO-214AA,Unidirectional,14, , , ,-65,150,"SMBJ14A, DO-214AA 14V   ",Datasheet,https://www.littelfuse.com/~/media/electronics/datasheets/tvs_diodes/littelfuse_tvs_diode_smbj_datasheet.pdf.pdf,"DO-214AA, 14V","SMBJ14A Littelfuse, Inc", , ,
SMBJ15A,"Littelfuse, Inc", ,TVS_single_unidirectional.SchLib,TVS_single_unidirectional,PCB - DIODES - ST DO214AA SMB.PCBLIB,ST DO214AA SMB,DO-214AA,Unidirectional,15, , , ,-65,150,"SMBJ15A, DO-214AA 15V   ",Datasheet,https://www.littelfuse.com/~/media/electronics/datasheets/tvs_diodes/littelfuse_tvs_diode_smbj_datasheet.pdf.pdf,"DO-214AA, 15V","SMBJ15A Littelfuse, Inc", , ,
SMBJ16A,"Littelfuse, Inc", ,TVS_single_unidirectional.SchLib,TVS_single_unidirectional,PCB - DIODES - ST DO214AA SMB.PCBLIB,ST DO214AA SMB,DO-214AA,Unidirectional,16, , , ,-65,150,"SMBJ16A, DO-214AA 16V   ",Datasheet,https://www.littelfuse.com/~/media/electronics/datasheets/tvs_diodes/littelfuse_tvs_diode_smbj_datasheet.pdf.pdf,"DO-214AA, 16V","SMBJ16A Littelfuse, Inc", , ,
SMBJ17A,"Littelfuse, Inc", ,TVS_single_unidirectional.SchLib,TVS_single_unidirectional,PCB - DIODES - ST DO214AA SMB.PCBLIB,ST DO214AA SMB,DO-214AA,Unidirectional,17, , , ,-65,150,"SMBJ17A, DO-214AA 17V   ",Datasheet,https://www.littelfuse.com/~/media/electronics/datasheets/tvs_diodes/littelfuse_tvs_diode_smbj_datasheet.pdf.pdf,"DO-214AA, 17V","SMBJ17A Littelfuse, Inc", , ,
SMBJ18A,"Littelfuse, Inc", ,TVS_single_unidirectional.SchLib,TVS_single_unidirectional,PCB - DIODES - ST DO214AA SMB.PCBLIB,ST DO214AA SMB,DO-214AA,Unidirectional,18, , , ,-65,150,"SMBJ18A, DO-214AA 18V   ",Datasheet,https://www.littelfuse.com/~/media/electronics/datasheets/tvs_diodes/littelfuse_tvs_diode_smbj_datasheet.pdf.pdf,"DO-214AA, 18V","SMBJ18A Littelfuse, Inc", , ,
SMBJ20A,"Littelfuse, Inc", ,TVS_single_unidirectional.SchLib,TVS_single_unidirectional,PCB - DIODES - ST DO214AA SMB.PCBLIB,ST DO214AA SMB,DO-214AA,Unidirectional,20, , , ,-65,150,"SMBJ20A, DO-214AA 20V   ",Datasheet,https://www.littelfuse.com/~/media/electronics/datasheets/tvs_diodes/littelfuse_tvs_diode_smbj_datasheet.pdf.pdf,"DO-214AA, 20V","SMBJ20A Littelfuse, Inc", , ,
SMBJ22A,"Littelfuse, Inc", ,TVS_single_unidirectional.SchLib,TVS_single_unidirectional,PCB - DIODES - ST DO214AA SMB.PCBLIB,ST DO214AA SMB,DO-214AA,Unidirectional,22, , , ,-65,150,"SMBJ22A, DO-214AA 22V   ",Datasheet,https://www.littelfuse.com/~/media/electronics/datasheets/tvs_diodes/littelfuse_tvs_diode_smbj_datasheet.pdf.pdf,"DO-214AA, 22V","SMBJ22A Littelfuse, Inc", , ,
SMBJ24A,"Littelfuse, Inc", ,TVS_single_unidirectional.SchLib,TVS_single_unidirectional,PCB - DIODES - ST DO214AA SMB.PCBLIB,ST DO214AA SMB,DO-214AA,Unidirectional,24, , , ,-65,150,"SMBJ24A, DO-214AA 24V   ",Datasheet,https://www.littelfuse.com/~/media/electronics/datasheets/tvs_diodes/littelfuse_tvs_diode_smbj_datasheet.pdf.pdf,"DO-214AA, 24V","SMBJ24A Littelfuse, Inc", , ,
SMBJ26A,"Littelfuse, Inc", ,TVS_single_unidirectional.SchLib,TVS_single_unidirectional,PCB - DIODES - ST DO214AA SMB.PCBLIB,ST DO214AA SMB,DO-214AA,Unidirectional,26, , , ,-65,150,"SMBJ26A, DO-214AA 26V   ",Datasheet,https://www.littelfuse.com/~/media/electronics/datasheets/tvs_diodes/littelfuse_tvs_diode_smbj_datasheet.pdf.pdf,"DO-214AA, 26V","SMBJ26A Littelfuse, Inc", , ,
SMBJ28A,"Littelfuse, Inc", ,TVS_single_unidirectional.SchLib,TVS_single_unidirectional,PCB - DIODES - ST DO214AA SMB.PCBLIB,ST DO214AA SMB,DO-214AA,Unidirectional,28, , , ,-65,150,"SMBJ28A, DO-214AA 28V   ",Datasheet,https://www.littelfuse.com/~/media/electronics/datasheets/tvs_diodes/littelfuse_tvs_diode_smbj_datasheet.pdf.pdf,"DO-214AA, 28V","SMBJ28A Littelfuse, Inc", , ,
SMBJ30A,"Littelfuse, Inc", ,TVS_single_unidirectional.SchLib,TVS_single_unidirectional,PCB - DIODES - ST DO214AA SMB.PCBLIB,ST DO214AA SMB,DO-214AA,Unidirectional,30, , , ,-65,150,"SMBJ30A, DO-214AA 30V   ",Datasheet,https://www.littelfuse.com/~/media/electronics/datasheets/tvs_diodes/littelfuse_tvs_diode_smbj_datasheet.pdf.pdf,"DO-214AA, 30V","SMBJ30A Littelfuse, Inc", , ,
SMBJ33A,"Littelfuse, Inc", ,TVS_single_unidirectional.SchLib,TVS_single_unidirectional,PCB - DIODES - ST DO214AA SMB.PCBLIB,ST DO214AA SMB,DO-214AA,Unidirectional,33, , , ,-65,150,"SMBJ33A, DO-214AA 33V   ",Datasheet,https://www.littelfuse.com/~/media/electronics/datasheets/tvs_diodes/littelfuse_tvs_diode_smbj_datasheet.pdf.pdf,"DO-214AA, 33V","SMBJ33A Littelfuse, Inc", , ,
SMBJ36A,"Littelfuse, Inc", ,TVS_single_unidirectional.SchLib,TVS_single_unidirectional,PCB - DIODES - ST DO214AA SMB.PCBLIB,ST DO214AA SMB,DO-214AA,Unidirectional,36, , , ,-65,150,"SMBJ36A, DO-214AA 36V   ",Datasheet,https://www.littelfuse.com/~/media/electronics/datasheets/tvs_diodes/littelfuse_tvs_diode_smbj_datasheet.pdf.pdf,"DO-214AA, 36V","SMBJ36A Littelfuse, Inc", , ,
SMBJ40A,"Littelfuse, Inc", ,TVS_single_unidirectional.SchLib,TVS_single_unidirectional,PCB - DIODES - ST DO214AA SMB.PCBLIB,ST DO214AA SMB,DO-214AA,Unidirectional,40, , , ,-65,150,"SMBJ40A, DO-214AA 40V   ",Datasheet,https://www.littelfuse.com/~/media/electronics/datasheets/tvs_diodes/littelfuse_tvs_diode_smbj_datasheet.pdf.pdf,"DO-214AA, 40V","SMBJ40A Littelfuse, Inc", , ,
SMBJ43A,"Littelfuse, Inc", ,TVS_single_unidirectional.SchLib,TVS_single_unidirectional,PCB - DIODES - ST DO214AA SMB.PCBLIB,ST DO214AA SMB,DO-214AA,Unidirectional,43, , , ,-65,150,"SMBJ43A, DO-214AA 43V   ",Datasheet,https://www.littelfuse.com/~/media/electronics/datasheets/tvs_diodes/littelfuse_tvs_diode_smbj_datasheet.pdf.pdf,"DO-214AA, 43V","SMBJ43A Littelfuse, Inc", , ,
SMBJ45A,"Littelfuse, Inc", ,TVS_single_unidirectional.SchLib,TVS_single_unidirectional,PCB - DIODES - ST DO214AA SMB.PCBLIB,ST DO214AA SMB,DO-214AA,Unidirectional,45, , , ,-65,150,"SMBJ45A, DO-214AA 45V   ",Datasheet,https://www.littelfuse.com/~/media/electronics/datasheets/tvs_diodes/littelfuse_tvs_diode_smbj_datasheet.pdf.pdf,"DO-214AA, 45V","SMBJ45A Littelfuse, Inc", , ,
SMBJ48A,"Littelfuse, Inc", ,TVS_single_unidirectional.SchLib,TVS_single_unidirectional,PCB - DIODES - ST DO214AA SMB.PCBLIB,ST DO214AA SMB,DO-214AA,Unidirectional,48, , , ,-65,150,"SMBJ48A, DO-214AA 48V   ",Datasheet,https://www.littelfuse.com/~/media/electronics/datasheets/tvs_diodes/littelfuse_tvs_diode_smbj_datasheet.pdf.pdf,"DO-214AA, 48V","SMBJ48A Littelfuse, Inc", , ,
SMBJ51A,"Littelfuse, Inc", ,TVS_single_unidirectional.SchLib,TVS_single_unidirectional,PCB - DIODES - ST DO214AA SMB.PCBLIB,ST DO214AA SMB,DO-214AA,Unidirectional,51, , , ,-65,150,"SMBJ51A, DO-214AA 51V   ",Datasheet,https://www.littelfuse.com/~/media/electronics/datasheets/tvs_diodes/littelfuse_tvs_diode_smbj_datasheet.pdf.pdf,"DO-214AA, 51V","SMBJ51A Littelfuse, Inc", , ,
SMBJ54A,"Littelfuse, Inc", ,TVS_single_unidirectional.SchLib,TVS_single_unidirectional,PCB - DIODES - ST DO214AA SMB.PCBLIB,ST DO214AA SMB,DO-214AA,Unidirectional,54, , , ,-65,150,"SMBJ54A, DO-214AA 54V   ",Datasheet,https://www.littelfuse.com/~/media/electronics/datasheets/tvs_diodes/littelfuse_tvs_diode_smbj_datasheet.pdf.pdf,"DO-214AA, 54V","SMBJ54A Littelfuse, Inc", , ,
SMBJ58A,"Littelfuse, Inc", ,TVS_single_unidirectional.SchLib,TVS_single_unidirectional,PCB - DIODES - ST DO214AA SMB.PCBLIB,ST DO214AA SMB,DO-214AA,Unidirectional,58, , , ,-65,150,"SMBJ58A, DO-214AA 58V   ",Datasheet,https://www.littelfuse.com/~/media/electronics/datasheets/tvs_diodes/littelfuse_tvs_diode_smbj_datasheet.pdf.pdf,"DO-214AA, 58V","SMBJ58A Littelfuse, Inc", , ,
SMBJ60A,"Littelfuse, Inc", ,TVS_single_unidirectional.SchLib,TVS_single_unidirectional,PCB - DIODES - ST DO214AA SMB.PCBLIB,ST DO214AA SMB,DO-214AA,Unidirectional,60, , , ,-65,150,"SMBJ60A, DO-214AA 60V   ",Datasheet,https://www.littelfuse.com/~/media/electronics/datasheets/tvs_diodes/littelfuse_tvs_diode_smbj_datasheet.pdf.pdf,"DO-214AA, 60V","SMBJ60A Littelfuse, Inc", , ,
SMBJ64A,"Littelfuse, Inc", ,TVS_single_unidirectional.SchLib,TVS_single_unidirectional,PCB - DIODES - ST DO214AA SMB.PCBLIB,ST DO214AA SMB,DO-214AA,Unidirectional,64, , , ,-65,150,"SMBJ64A, DO-214AA 64V   ",Datasheet,https://www.littelfuse.com/~/media/electronics/datasheets/tvs_diodes/littelfuse_tvs_diode_smbj_datasheet.pdf.pdf,"DO-214AA, 64V","SMBJ64A Littelfuse, Inc", , ,
SMBJ70A,"Littelfuse, Inc", ,TVS_single_unidirectional.SchLib,TVS_single_unidirectional,PCB - DIODES - ST DO214AA SMB.PCBLIB,ST DO214AA SMB,DO-214AA,Unidirectional,70, , , ,-65,150,"SMBJ70A, DO-214AA 70V   ",Datasheet,https://www.littelfuse.com/~/media/electronics/datasheets/tvs_diodes/littelfuse_tvs_diode_smbj_datasheet.pdf.pdf,"DO-214AA, 70V","SMBJ70A Littelfuse, Inc", , ,
SMBJ75A,"Littelfuse, Inc", ,TVS_single_unidirectional.SchLib,TVS_single_unidirectional,PCB - DIODES - ST DO214AA SMB.PCBLIB,ST DO214AA SMB,DO-214AA,Unidirectional,75, , , ,-65,150,"SMBJ75A, DO-214AA 75V   ",Datasheet,https://www.littelfuse.com/~/media/electronics/datasheets/tvs_diodes/littelfuse_tvs_diode_smbj_datasheet.pdf.pdf,"DO-214AA, 75V","SMBJ75A Littelfuse, Inc", , ,
SMBJ78A,"Littelfuse, Inc", ,TVS_single_unidirectional.SchLib,TVS_single_unidirectional,PCB - DIODES - ST DO214AA SMB.PCBLIB,ST DO214AA SMB,DO-214AA,Unidirectional,78, , , ,-65,150,"SMBJ78A, DO-214AA 78V   ",Datasheet,https://www.littelfuse.com/~/media/electronics/datasheets/tvs_diodes/littelfuse_tvs_diode_smbj_datasheet.pdf.pdf,"DO-214AA, 78V","SMBJ78A Littelfuse, Inc", , ,
SMBJ85A,"Littelfuse, Inc", ,TVS_single_unidirectional.SchLib,TVS_single_unidirectional,PCB - DIODES - ST DO214AA SMB.PCBLIB,ST DO214AA SMB,DO-214AA,Unidirectional,85, , , ,-65,150,"SMBJ85A, DO-214AA 85V   ",Datasheet,https://www.littelfuse.com/~/media/electronics/datasheets/tvs_diodes/littelfuse_tvs_diode_smbj_datasheet.pdf.pdf,"DO-214AA, 85V","SMBJ85A Littelfuse, Inc", , ,
SMBJ90A,"Littelfuse, Inc", ,TVS_single_unidirectional.SchLib,TVS_single_unidirectional,PCB - DIODES - ST DO214AA SMB.PCBLIB,ST DO214AA SMB,DO-214AA,Unidirectional,90, , , ,-65,150,"SMBJ90A, DO-214AA 90V   ",Datasheet,https://www.littelfuse.com/~/media/electronics/datasheets/tvs_diodes/littelfuse_tvs_diode_smbj_datasheet.pdf.pdf,"DO-214AA, 90V","SMBJ90A Littelfuse, Inc", , ,
SMBJ100A,"Littelfuse, Inc", ,TVS_single_unidirectional.SchLib,TVS_single_unidirectional,PCB - DIODES - ST DO214AA SMB.PCBLIB,ST DO214AA SMB,DO-214AA,Unidirectional,100, , , ,-65,150,"SMBJ100A, DO-214AA 100V   ",Datasheet,https://www.littelfuse.com/~/media/electronics/datasheets/tvs_diodes/littelfuse_tvs_diode_smbj_datasheet.pdf.pdf,"DO-214AA, 100V","SMBJ100A Littelfuse, Inc", , ,
SMBJ110A,"Littelfuse, Inc", ,TVS_single_unidirectional.SchLib,TVS_single_unidirectional,PCB - DIODES - ST DO214AA SMB.PCBLIB,ST DO214AA SMB,DO-214AA,Unidirectional,110, , , ,-65,150,"SMBJ110A, DO-214AA 110V   ",Datasheet,https://www.littelfuse.com/~/media/electronics/datasheets/tvs_diodes/littelfuse_tvs_diode_smbj_datasheet.pdf.pdf,"DO-214AA, 110V","SMBJ110A Littelfuse, Inc", , ,
SMBJ120A,"Littelfuse, Inc", ,TVS_single_unidirectional.SchLib,TVS_single_unidirectional,PCB - DIODES - ST DO214AA SMB.PCBLIB,ST DO214AA SMB,DO-214AA,Unidirectional,120, , , ,-65,150,"SMBJ120A, DO-214AA 120V   ",Datasheet,https://www.littelfuse.com/~/media/electronics/datasheets/tvs_diodes/littelfuse_tvs_diode_smbj_datasheet.pdf.pdf,"DO-214AA, 120V","SMBJ120A Littelfuse, Inc", , ,
SMBJ130A,"Littelfuse, Inc", ,TVS_single_unidirectional.SchLib,TVS_single_unidirectional,PCB - DIODES - ST DO214AA SMB.PCBLIB,ST DO214AA SMB,DO-214AA,Unidirectional,130, , , ,-65,150,"SMBJ130A, DO-214AA 130V   ",Datasheet,https://www.littelfuse.com/~/media/electronics/datasheets/tvs_diodes/littelfuse_tvs_diode_smbj_datasheet.pdf.pdf,"DO-214AA, 130V","SMBJ130A Littelfuse, Inc", , ,
SMBJ150A,"Littelfuse, Inc", ,TVS_single_unidirectional.SchLib,TVS_single_unidirectional,PCB - DIODES - ST DO214AA SMB.PCBLIB,ST DO214AA SMB,DO-214AA,Unidirectional,150, , , ,-65,150,"SMBJ150A, DO-214AA 150V   ",Datasheet,https://www.littelfuse.com/~/media/electronics/datasheets/tvs_diodes/littelfuse_tvs_diode_smbj_datasheet.pdf.pdf,"DO-214AA, 150V","SMBJ150A Littelfuse, Inc", , ,
SMBJ160A,"Littelfuse, Inc", ,TVS_single_unidirectional.SchLib,TVS_single_unidirectional,PCB - DIODES - ST DO214AA SMB.PCBLIB,ST DO214AA SMB,DO-214AA,Unidirectional,160, , , ,-65,150,"SMBJ160A, DO-214AA 160V   ",Datasheet,https://www.littelfuse.com/~/media/electronics/datasheets/tvs_diodes/littelfuse_tvs_diode_smbj_datasheet.pdf.pdf,"DO-214AA, 160V","SMBJ160A Littelfuse, Inc", , ,
SMBJ170A,"Littelfuse, Inc", ,TVS_single_unidirectional.SchLib,TVS_single_unidirectional,PCB - DIODES - ST DO214AA SMB.PCBLIB,ST DO214AA SMB,DO-214AA,Unidirectional,170, , , ,-65,150,"SMBJ170A, DO-214AA 170V   ",Datasheet,https://www.littelfuse.com/~/media/electronics/datasheets/tvs_diodes/littelfuse_tvs_diode_smbj_datasheet.pdf.pdf,"DO-214AA, 170V","SMBJ170A Littelfuse, Inc", , ,
SMBJ180A,"Littelfuse, Inc", ,TVS_single_unidirectional.SchLib,TVS_single_unidirectional,PCB - DIODES - ST DO214AA SMB.PCBLIB,ST DO214AA SMB,DO-214AA,Unidirectional,180, , , ,-65,150,"SMBJ180A, DO-214AA 180V   ",Datasheet,https://www.littelfuse.com/~/media/electronics/datasheets/tvs_diodes/littelfuse_tvs_diode_smbj_datasheet.pdf.pdf,"DO-214AA, 180V","SMBJ180A Littelfuse, Inc", , ,
SMBJ188A,"Littelfuse, Inc", ,TVS_single_unidirectional.SchLib,TVS_single_unidirectional,PCB - DIODES - ST DO214AA SMB.PCBLIB,ST DO214AA SMB,DO-214AA,Unidirectional,188, , , ,-65,150,"SMBJ188A, DO-214AA 188V   ",Datasheet,https://www.littelfuse.com/~/media/electronics/datasheets/tvs_diodes/littelfuse_tvs_diode_smbj_datasheet.pdf.pdf,"DO-214AA, 188V","SMBJ188A Littelfuse, Inc", , ,
SMBJ200A,"Littelfuse, Inc", ,TVS_single_unidirectional.SchLib,TVS_single_unidirectional,PCB - DIODES - ST DO214AA SMB.PCBLIB,ST DO214AA SMB,DO-214AA,Unidirectional,200, , , ,-65,150,"SMBJ200A, DO-214AA 200V   ",Datasheet,https://www.littelfuse.com/~/media/electronics/datasheets/tvs_diodes/littelfuse_tvs_diode_smbj_datasheet.pdf.pdf,"DO-214AA, 200V","SMBJ200A Littelfuse, Inc", , ,
SMBJ220A,"Littelfuse, Inc", ,TVS_single_unidirectional.SchLib,TVS_single_unidirectional,PCB - DIODES - ST DO214AA SMB.PCBLIB,ST DO214AA SMB,DO-214AA,Unidirectional,220, , , ,-65,150,"SMBJ220A, DO-214AA 220V   ",Datasheet,https://www.littelfuse.com/~/media/electronics/datasheets/tvs_diodes/littelfuse_tvs_diode_smbj_datasheet.pdf.pdf,"DO-214AA, 220V","SMBJ220A Littelfuse, Inc", , ,
SMBJ250A,"Littelfuse, Inc", ,TVS_single_unidirectional.SchLib,TVS_single_unidirectional,PCB - DIODES - ST DO214AA SMB.PCBLIB,ST DO214AA SMB,DO-214AA,Unidirectional,250, , , ,-65,150,"SMBJ250A, DO-214AA 250V   ",Datasheet,https://www.littelfuse.com/~/media/electronics/datasheets/tvs_diodes/littelfuse_tvs_diode_smbj_datasheet.pdf.pdf,"DO-214AA, 250V","SMBJ250A Littelfuse, Inc", , ,
SMBJ300A,"Littelfuse, Inc", ,TVS_single_unidirectional.SchLib,TVS_single_unidirectional,PCB - DIODES - ST DO214AA SMB.PCBLIB,ST DO214AA SMB,DO-214AA,Unidirectional,300, , , ,-65,150,"SMBJ300A, DO-214AA 300V   ",Datasheet,https://www.littelfuse.com/~/media/electronics/datasheets/tvs_diodes/littelfuse_tvs_diode_smbj_datasheet.pdf.pdf,"DO-214AA, 300V","SMBJ300A Littelfuse, Inc", , ,
SMBJ350A,"Littelfuse, Inc", ,TVS_single_unidirectional.SchLib,TVS_single_unidirectional,PCB - DIODES - ST DO214AA SMB.PCBLIB,ST DO214AA SMB,DO-214AA,Unidirectional,350, , , ,-65,150,"SMBJ350A, DO-214AA 350V   ",Datasheet,https://www.littelfuse.com/~/media/electronics/datasheets/tvs_diodes/littelfuse_tvs_diode_smbj_datasheet.pdf.pdf,"DO-214AA, 350V","SMBJ350A Littelfuse, Inc", , ,
SMBJ400A,"Littelfuse, Inc", ,TVS_single_unidirectional.SchLib,TVS_single_unidirectional,PCB - DIODES - ST DO214AA SMB.PCBLIB,ST DO214AA SMB,DO-214AA,Unidirectional,400, , , ,-65,150,"SMBJ400A, DO-214AA 400V   ",Datasheet,https://www.littelfuse.com/~/media/electronics/datasheets/tvs_diodes/littelfuse_tvs_diode_smbj_datasheet.pdf.pdf,"DO-214AA, 400V","SMBJ400A Littelfuse, Inc", , ,
SMBJ440A,"Littelfuse, Inc", ,TVS_single_unidirectional.SchLib,TVS_single_unidirectional,PCB - DIODES - ST DO214AA SMB.PCBLIB,ST DO214AA SMB,DO-214AA,Unidirectional,440, , , ,-65,150,"SMBJ440A, DO-214AA 440V   ",Datasheet,https://www.littelfuse.com/~/media/electronics/datasheets/tvs_diodes/littelfuse_tvs_diode_smbj_datasheet.pdf.pdf,"DO-214AA, 440V","SMBJ440A Littelfuse, Inc", , ,
SMBJ5.0CA,"Littelfuse, Inc", ,TVS_single_bidirectional.SchLib,TVS_single_bidirectional,PCB - DIODES - ST DO214AA SMB.PCBLIB,ST DO214AA SMB,DO-214AA,Bidirectional,5, , , ,-65,150,"SMBJ5.0CA, DO-214AA 5V   BI-directional",Datasheet,https://www.littelfuse.com/~/media/electronics/datasheets/tvs_diodes/littelfuse_tvs_diode_smbj_datasheet.pdf.pdf,"DO-214AA, 5V","SMBJ5.0CA Littelfuse, Inc", , ,
SMBJ6.0CA,"Littelfuse, Inc", ,TVS_single_bidirectional.SchLib,TVS_single_bidirectional,PCB - DIODES - ST DO214AA SMB.PCBLIB,ST DO214AA SMB,DO-214AA,Bidirectional,6, , , ,-65,150,"SMBJ6.0CA, DO-214AA 6V   BI-directional",Datasheet,https://www.littelfuse.com/~/media/electronics/datasheets/tvs_diodes/littelfuse_tvs_diode_smbj_datasheet.pdf.pdf,"DO-214AA, 6V","SMBJ6.0CA Littelfuse, Inc", , ,
SMBJ6.5CA,"Littelfuse, Inc", ,TVS_single_bidirectional.SchLib,TVS_single_bidirectional,PCB - DIODES - ST DO214AA SMB.PCBLIB,ST DO214AA SMB,DO-214AA,Bidirectional,"6,5", , , ,-65,150,"SMBJ6.5CA, DO-214AA 6,5V   BI-directional",Datasheet,https://www.littelfuse.com/~/media/electronics/datasheets/tvs_diodes/littelfuse_tvs_diode_smbj_datasheet.pdf.pdf,"DO-214AA, 6,5V","SMBJ6.5CA Littelfuse, Inc", , ,
SMBJ7.0CA,"Littelfuse, Inc", ,TVS_single_bidirectional.SchLib,TVS_single_bidirectional,PCB - DIODES - ST DO214AA SMB.PCBLIB,ST DO214AA SMB,DO-214AA,Bidirectional,7, , , ,-65,150,"SMBJ7.0CA, DO-214AA 7V   BI-directional",Datasheet,https://www.littelfuse.com/~/media/electronics/datasheets/tvs_diodes/littelfuse_tvs_diode_smbj_datasheet.pdf.pdf,"DO-214AA, 7V","SMBJ7.0CA Littelfuse, Inc", , ,
SMBJ7.5CA,"Littelfuse, Inc", ,TVS_single_bidirectional.SchLib,TVS_single_bidirectional,PCB - DIODES - ST DO214AA SMB.PCBLIB,ST DO214AA SMB,DO-214AA,Bidirectional,"7,5", , , ,-65,150,"SMBJ7.5CA, DO-214AA 7,5V   BI-directional",Datasheet,https://www.littelfuse.com/~/media/electronics/datasheets/tvs_diodes/littelfuse_tvs_diode_smbj_datasheet.pdf.pdf,"DO-214AA, 7,5V","SMBJ7.5CA Littelfuse, Inc", , ,
SMBJ8.0CA,"Littelfuse, Inc", ,TVS_single_bidirectional.SchLib,TVS_single_bidirectional,PCB - DIODES - ST DO214AA SMB.PCBLIB,ST DO214AA SMB,DO-214AA,Bidirectional,8, , , ,-65,150,"SMBJ8.0CA, DO-214AA 8V   BI-directional",Datasheet,https://www.littelfuse.com/~/media/electronics/datasheets/tvs_diodes/littelfuse_tvs_diode_smbj_datasheet.pdf.pdf,"DO-214AA, 8V","SMBJ8.0CA Littelfuse, Inc", , ,
SMBJ8.5CA,"Littelfuse, Inc", ,TVS_single_bidirectional.SchLib,TVS_single_bidirectional,PCB - DIODES - ST DO214AA SMB.PCBLIB,ST DO214AA SMB,DO-214AA,Bidirectional,"8,5", , , ,-65,150,"SMBJ8.5CA, DO-214AA 8,5V   BI-directional",Datasheet,https://www.littelfuse.com/~/media/electronics/datasheets/tvs_diodes/littelfuse_tvs_diode_smbj_datasheet.pdf.pdf,"DO-214AA, 8,5V","SMBJ8.5CA Littelfuse, Inc", , ,
SMBJ9.0CA,"Littelfuse, Inc", ,TVS_single_bidirectional.SchLib,TVS_single_bidirectional,PCB - DIODES - ST DO214AA SMB.PCBLIB,ST DO214AA SMB,DO-214AA,Bidirectional,9, , , ,-65,150,"SMBJ9.0CA, DO-214AA 9V   BI-directional",Datasheet,https://www.littelfuse.com/~/media/electronics/datasheets/tvs_diodes/littelfuse_tvs_diode_smbj_datasheet.pdf.pdf,"DO-214AA, 9V","SMBJ9.0CA Littelfuse, Inc", , ,
SMBJ10CA,"Littelfuse, Inc", ,TVS_single_bidirectional.SchLib,TVS_single_bidirectional,PCB - DIODES - ST DO214AA SMB.PCBLIB,ST DO214AA SMB,DO-214AA,Bidirectional,10, , , ,-65,150,"SMBJ10CA, DO-214AA 10V   BI-directional",Datasheet,https://www.littelfuse.com/~/media/electronics/datasheets/tvs_diodes/littelfuse_tvs_diode_smbj_datasheet.pdf.pdf,"DO-214AA, 10V","SMBJ10CA Littelfuse, Inc", , ,
SMBJ11CA,"Littelfuse, Inc", ,TVS_single_bidirectional.SchLib,TVS_single_bidirectional,PCB - DIODES - ST DO214AA SMB.PCBLIB,ST DO214AA SMB,DO-214AA,Bidirectional,11, , , ,-65,150,"SMBJ11CA, DO-214AA 11V   BI-directional",Datasheet,https://www.littelfuse.com/~/media/electronics/datasheets/tvs_diodes/littelfuse_tvs_diode_smbj_datasheet.pdf.pdf,"DO-214AA, 11V","SMBJ11CA Littelfuse, Inc", , ,
SMBJ12CA,"Littelfuse, Inc", ,TVS_single_bidirectional.SchLib,TVS_single_bidirectional,PCB - DIODES - ST DO214AA SMB.PCBLIB,ST DO214AA SMB,DO-214AA,Bidirectional,12, , , ,-65,150,"SMBJ12CA, DO-214AA 12V   BI-directional",Datasheet,https://www.littelfuse.com/~/media/electronics/datasheets/tvs_diodes/littelfuse_tvs_diode_smbj_datasheet.pdf.pdf,"DO-214AA, 12V","SMBJ12CA Littelfuse, Inc", , ,
SMBJ13CA,"Littelfuse, Inc", ,TVS_single_bidirectional.SchLib,TVS_single_bidirectional,PCB - DIODES - ST DO214AA SMB.PCBLIB,ST DO214AA SMB,DO-214AA,Bidirectional,13, , , ,-65,150,"SMBJ13CA, DO-214AA 13V   BI-directional",Datasheet,https://www.littelfuse.com/~/media/electronics/datasheets/tvs_diodes/littelfuse_tvs_diode_smbj_datasheet.pdf.pdf,"DO-214AA, 13V","SMBJ13CA Littelfuse, Inc", , ,
SMBJ14CA,"Littelfuse, Inc", ,TVS_single_bidirectional.SchLib,TVS_single_bidirectional,PCB - DIODES - ST DO214AA SMB.PCBLIB,ST DO214AA SMB,DO-214AA,Bidirectional,14, , , ,-65,150,"SMBJ14CA, DO-214AA 14V   BI-directional",Datasheet,https://www.littelfuse.com/~/media/electronics/datasheets/tvs_diodes/littelfuse_tvs_diode_smbj_datasheet.pdf.pdf,"DO-214AA, 14V","SMBJ14CA Littelfuse, Inc", , ,
SMBJ15CA,"Littelfuse, Inc", ,TVS_single_bidirectional.SchLib,TVS_single_bidirectional,PCB - DIODES - ST DO214AA SMB.PCBLIB,ST DO214AA SMB,DO-214AA,Bidirectional,15, , , ,-65,150,"SMBJ15CA, DO-214AA 15V   BI-directional",Datasheet,https://www.littelfuse.com/~/media/electronics/datasheets/tvs_diodes/littelfuse_tvs_diode_smbj_datasheet.pdf.pdf,"DO-214AA, 15V","SMBJ15CA Littelfuse, Inc", , ,
SMBJ16CA,"Littelfuse, Inc", ,TVS_single_bidirectional.SchLib,TVS_single_bidirectional,PCB - DIODES - ST DO214AA SMB.PCBLIB,ST DO214AA SMB,DO-214AA,Bidirectional,16, , , ,-65,150,"SMBJ16CA, DO-214AA 16V   BI-directional",Datasheet,https://www.littelfuse.com/~/media/electronics/datasheets/tvs_diodes/littelfuse_tvs_diode_smbj_datasheet.pdf.pdf,"DO-214AA, 16V","SMBJ16CA Littelfuse, Inc", , ,
SMBJ17CA,"Littelfuse, Inc", ,TVS_single_bidirectional.SchLib,TVS_single_bidirectional,PCB - DIODES - ST DO214AA SMB.PCBLIB,ST DO214AA SMB,DO-214AA,Bidirectional,17, , , ,-65,150,"SMBJ17CA, DO-214AA 17V   BI-directional",Datasheet,https://www.littelfuse.com/~/media/electronics/datasheets/tvs_diodes/littelfuse_tvs_diode_smbj_datasheet.pdf.pdf,"DO-214AA, 17V","SMBJ17CA Littelfuse, Inc", , ,
SMBJ18CA,"Littelfuse, Inc", ,TVS_single_bidirectional.SchLib,TVS_single_bidirectional,PCB - DIODES - ST DO214AA SMB.PCBLIB,ST DO214AA SMB,DO-214AA,Bidirectional,18, , , ,-65,150,"SMBJ18CA, DO-214AA 18V   BI-directional",Datasheet,https://www.littelfuse.com/~/media/electronics/datasheets/tvs_diodes/littelfuse_tvs_diode_smbj_datasheet.pdf.pdf,"DO-214AA, 18V","SMBJ18CA Littelfuse, Inc", , ,
SMBJ20CA,"Littelfuse, Inc", ,TVS_single_bidirectional.SchLib,TVS_single_bidirectional,PCB - DIODES - ST DO214AA SMB.PCBLIB,ST DO214AA SMB,DO-214AA,Bidirectional,20, , , ,-65,150,"SMBJ20CA, DO-214AA 20V   BI-directional",Datasheet,https://www.littelfuse.com/~/media/electronics/datasheets/tvs_diodes/littelfuse_tvs_diode_smbj_datasheet.pdf.pdf,"DO-214AA, 20V","SMBJ20CA Littelfuse, Inc", , ,
SMBJ22CA,"Littelfuse, Inc", ,TVS_single_bidirectional.SchLib,TVS_single_bidirectional,PCB - DIODES - ST DO214AA SMB.PCBLIB,ST DO214AA SMB,DO-214AA,Bidirectional,22, , , ,-65,150,"SMBJ22CA, DO-214AA 22V   BI-directional",Datasheet,https://www.littelfuse.com/~/media/electronics/datasheets/tvs_diodes/littelfuse_tvs_diode_smbj_datasheet.pdf.pdf,"DO-214AA, 22V","SMBJ22CA Littelfuse, Inc", , ,
SMBJ24CA,"Littelfuse, Inc", ,TVS_single_bidirectional.SchLib,TVS_single_bidirectional,PCB - DIODES - ST DO214AA SMB.PCBLIB,ST DO214AA SMB,DO-214AA,Bidirectional,24, , , ,-65,150,"SMBJ24CA, DO-214AA 24V   BI-directional",Datasheet,https://www.littelfuse.com/~/media/electronics/datasheets/tvs_diodes/littelfuse_tvs_diode_smbj_datasheet.pdf.pdf,"DO-214AA, 24V","SMBJ24CA Littelfuse, Inc", , ,
SMBJ26CA,"Littelfuse, Inc", ,TVS_single_bidirectional.SchLib,TVS_single_bidirectional,PCB - DIODES - ST DO214AA SMB.PCBLIB,ST DO214AA SMB,DO-214AA,Bidirectional,26, , , ,-65,150,"SMBJ26CA, DO-214AA 26V   BI-directional",Datasheet,https://www.littelfuse.com/~/media/electronics/datasheets/tvs_diodes/littelfuse_tvs_diode_smbj_datasheet.pdf.pdf,"DO-214AA, 26V","SMBJ26CA Littelfuse, Inc", , ,
SMBJ28CA,"Littelfuse, Inc", ,TVS_single_bidirectional.SchLib,TVS_single_bidirectional,PCB - DIODES - ST DO214AA SMB.PCBLIB,ST DO214AA SMB,DO-214AA,Bidirectional,28, , , ,-65,150,"SMBJ28CA, DO-214AA 28V   BI-directional",Datasheet,https://www.littelfuse.com/~/media/electronics/datasheets/tvs_diodes/littelfuse_tvs_diode_smbj_datasheet.pdf.pdf,"DO-214AA, 28V","SMBJ28CA Littelfuse, Inc", , ,
SMBJ30CA,"Littelfuse, Inc", ,TVS_single_bidirectional.SchLib,TVS_single_bidirectional,PCB - DIODES - ST DO214AA SMB.PCBLIB,ST DO214AA SMB,DO-214AA,Bidirectional,30, , , ,-65,150,"SMBJ30CA, DO-214AA 30V   BI-directional",Datasheet,https://www.littelfuse.com/~/media/electronics/datasheets/tvs_diodes/littelfuse_tvs_diode_smbj_datasheet.pdf.pdf,"DO-214AA, 30V","SMBJ30CA Littelfuse, Inc", , ,
SMBJ33CA,"Littelfuse, Inc", ,TVS_single_bidirectional.SchLib,TVS_single_bidirectional,PCB - DIODES - ST DO214AA SMB.PCBLIB,ST DO214AA SMB,DO-214AA,Bidirectional,33, , , ,-65,150,"SMBJ33CA, DO-214AA 33V   BI-directional",Datasheet,https://www.littelfuse.com/~/media/electronics/datasheets/tvs_diodes/littelfuse_tvs_diode_smbj_datasheet.pdf.pdf,"DO-214AA, 33V","SMBJ33CA Littelfuse, Inc", , ,
SMBJ36CA,"Littelfuse, Inc", ,TVS_single_bidirectional.SchLib,TVS_single_bidirectional,PCB - DIODES - ST DO214AA SMB.PCBLIB,ST DO214AA SMB,DO-214AA,Bidirectional,36, , , ,-65,150,"SMBJ36CA, DO-214AA 36V   BI-directional",Datasheet,https://www.littelfuse.com/~/media/electronics/datasheets/tvs_diodes/littelfuse_tvs_diode_smbj_datasheet.pdf.pdf,"DO-214AA, 36V","SMBJ36CA Littelfuse, Inc", , ,
SMBJ40CA,"Littelfuse, Inc", ,TVS_single_bidirectional.SchLib,TVS_single_bidirectional,PCB - DIODES - ST DO214AA SMB.PCBLIB,ST DO214AA SMB,DO-214AA,Bidirectional,40, , , ,-65,150,"SMBJ40CA, DO-214AA 40V   BI-directional",Datasheet,https://www.littelfuse.com/~/media/electronics/datasheets/tvs_diodes/littelfuse_tvs_diode_smbj_datasheet.pdf.pdf,"DO-214AA, 40V","SMBJ40CA Littelfuse, Inc", , ,
SMBJ43CA,"Littelfuse, Inc", ,TVS_single_bidirectional.SchLib,TVS_single_bidirectional,PCB - DIODES - ST DO214AA SMB.PCBLIB,ST DO214AA SMB,DO-214AA,Bidirectional,43, , , ,-65,150,"SMBJ43CA, DO-214AA 43V   BI-directional",Datasheet,https://www.littelfuse.com/~/media/electronics/datasheets/tvs_diodes/littelfuse_tvs_diode_smbj_datasheet.pdf.pdf,"DO-214AA, 43V","SMBJ43CA Littelfuse, Inc", , ,
SMBJ45CA,"Littelfuse, Inc", ,TVS_single_bidirectional.SchLib,TVS_single_bidirectional,PCB - DIODES - ST DO214AA SMB.PCBLIB,ST DO214AA SMB,DO-214AA,Bidirectional,45, , , ,-65,150,"SMBJ45CA, DO-214AA 45V   BI-directional",Datasheet,https://www.littelfuse.com/~/media/electronics/datasheets/tvs_diodes/littelfuse_tvs_diode_smbj_datasheet.pdf.pdf,"DO-214AA, 45V","SMBJ45CA Littelfuse, Inc", , ,
SMBJ48CA,"Littelfuse, Inc", ,TVS_single_bidirectional.SchLib,TVS_single_bidirectional,PCB - DIODES - ST DO214AA SMB.PCBLIB,ST DO214AA SMB,DO-214AA,Bidirectional,48, , , ,-65,150,"SMBJ48CA, DO-214AA 48V   BI-directional",Datasheet,https://www.littelfuse.com/~/media/electronics/datasheets/tvs_diodes/littelfuse_tvs_diode_smbj_datasheet.pdf.pdf,"DO-214AA, 48V","SMBJ48CA Littelfuse, Inc", , ,
SMBJ51CA,"Littelfuse, Inc", ,TVS_single_bidirectional.SchLib,TVS_single_bidirectional,PCB - DIODES - ST DO214AA SMB.PCBLIB,ST DO214AA SMB,DO-214AA,Bidirectional,51, , , ,-65,150,"SMBJ51CA, DO-214AA 51V   BI-directional",Datasheet,https://www.littelfuse.com/~/media/electronics/datasheets/tvs_diodes/littelfuse_tvs_diode_smbj_datasheet.pdf.pdf,"DO-214AA, 51V","SMBJ51CA Littelfuse, Inc", , ,
SMBJ54CA,"Littelfuse, Inc", ,TVS_single_bidirectional.SchLib,TVS_single_bidirectional,PCB - DIODES - ST DO214AA SMB.PCBLIB,ST DO214AA SMB,DO-214AA,Bidirectional,54, , , ,-65,150,"SMBJ54CA, DO-214AA 54V   BI-directional",Datasheet,https://www.littelfuse.com/~/media/electronics/datasheets/tvs_diodes/littelfuse_tvs_diode_smbj_datasheet.pdf.pdf,"DO-214AA, 54V","SMBJ54CA Littelfuse, Inc", , ,
SMBJ58CA,"Littelfuse, Inc", ,TVS_single_bidirectional.SchLib,TVS_single_bidirectional,PCB - DIODES - ST DO214AA SMB.PCBLIB,ST DO214AA SMB,DO-214AA,Bidirectional,58, , , ,-65,150,"SMBJ58CA, DO-214AA 58V   BI-directional",Datasheet,https://www.littelfuse.com/~/media/electronics/datasheets/tvs_diodes/littelfuse_tvs_diode_smbj_datasheet.pdf.pdf,"DO-214AA, 58V","SMBJ58CA Littelfuse, Inc", , ,
SMBJ60CA,"Littelfuse, Inc", ,TVS_single_bidirectional.SchLib,TVS_single_bidirectional,PCB - DIODES - ST DO214AA SMB.PCBLIB,ST DO214AA SMB,DO-214AA,Bidirectional,60, , , ,-65,150,"SMBJ60CA, DO-214AA 60V   BI-directional",Datasheet,https://www.littelfuse.com/~/media/electronics/datasheets/tvs_diodes/littelfuse_tvs_diode_smbj_datasheet.pdf.pdf,"DO-214AA, 60V","SMBJ60CA Littelfuse, Inc", , ,
SMBJ64CA,"Littelfuse, Inc", ,TVS_single_bidirectional.SchLib,TVS_single_bidirectional,PCB - DIODES - ST DO214AA SMB.PCBLIB,ST DO214AA SMB,DO-214AA,Bidirectional,64, , , ,-65,150,"SMBJ64CA, DO-214AA 64V   BI-directional",Datasheet,https://www.littelfuse.com/~/media/electronics/datasheets/tvs_diodes/littelfuse_tvs_diode_smbj_datasheet.pdf.pdf,"DO-214AA, 64V","SMBJ64CA Littelfuse, Inc", , ,
SMBJ70CA,"Littelfuse, Inc", ,TVS_single_bidirectional.SchLib,TVS_single_bidirectional,PCB - DIODES - ST DO214AA SMB.PCBLIB,ST DO214AA SMB,DO-214AA,Bidirectional,70, , , ,-65,150,"SMBJ70CA, DO-214AA 70V   BI-directional",Datasheet,https://www.littelfuse.com/~/media/electronics/datasheets/tvs_diodes/littelfuse_tvs_diode_smbj_datasheet.pdf.pdf,"DO-214AA, 70V","SMBJ70CA Littelfuse, Inc", , ,
SMBJ75CA,"Littelfuse, Inc", ,TVS_single_bidirectional.SchLib,TVS_single_bidirectional,PCB - DIODES - ST DO214AA SMB.PCBLIB,ST DO214AA SMB,DO-214AA,Bidirectional,75, , , ,-65,150,"SMBJ75CA, DO-214AA 75V   BI-directional",Datasheet,https://www.littelfuse.com/~/media/electronics/datasheets/tvs_diodes/littelfuse_tvs_diode_smbj_datasheet.pdf.pdf,"DO-214AA, 75V","SMBJ75CA Littelfuse, Inc", , ,
SMBJ78CA,"Littelfuse, Inc", ,TVS_single_bidirectional.SchLib,TVS_single_bidirectional,PCB - DIODES - ST DO214AA SMB.PCBLIB,ST DO214AA SMB,DO-214AA,Bidirectional,78, , , ,-65,150,"SMBJ78CA, DO-214AA 78V   BI-directional",Datasheet,https://www.littelfuse.com/~/media/electronics/datasheets/tvs_diodes/littelfuse_tvs_diode_smbj_datasheet.pdf.pdf,"DO-214AA, 78V","SMBJ78CA Littelfuse, Inc", , ,
SMBJ85CA,"Littelfuse, Inc", ,TVS_single_bidirectional.SchLib,TVS_single_bidirectional,PCB - DIODES - ST DO214AA SMB.PCBLIB,ST DO214AA SMB,DO-214AA,Bidirectional,85, , , ,-65,150,"SMBJ85CA, DO-214AA 85V   BI-directional",Datasheet,https://www.littelfuse.com/~/media/electronics/datasheets/tvs_diodes/littelfuse_tvs_diode_smbj_datasheet.pdf.pdf,"DO-214AA, 85V","SMBJ85CA Littelfuse, Inc", , ,
SMBJ90CA,"Littelfuse, Inc", ,TVS_single_bidirectional.SchLib,TVS_single_bidirectional,PCB - DIODES - ST DO214AA SMB.PCBLIB,ST DO214AA SMB,DO-214AA,Bidirectional,90, , , ,-65,150,"SMBJ90CA, DO-214AA 90V   BI-directional",Datasheet,https://www.littelfuse.com/~/media/electronics/datasheets/tvs_diodes/littelfuse_tvs_diode_smbj_datasheet.pdf.pdf,"DO-214AA, 90V","SMBJ90CA Littelfuse, Inc", , ,
SMBJ100CA,"Littelfuse, Inc", ,TVS_single_bidirectional.SchLib,TVS_single_bidirectional,PCB - DIODES - ST DO214AA SMB.PCBLIB,ST DO214AA SMB,DO-214AA,Bidirectional,100, , , ,-65,150,"SMBJ100CA, DO-214AA 100V   BI-directional",Datasheet,https://www.littelfuse.com/~/media/electronics/datasheets/tvs_diodes/littelfuse_tvs_diode_smbj_datasheet.pdf.pdf,"DO-214AA, 100V","SMBJ100CA Littelfuse, Inc", , ,
SMBJ110CA,"Littelfuse, Inc", ,TVS_single_bidirectional.SchLib,TVS_single_bidirectional,PCB - DIODES - ST DO214AA SMB.PCBLIB,ST DO214AA SMB,DO-214AA,Bidirectional,110, , , ,-65,150,"SMBJ110CA, DO-214AA 110V   BI-directional",Datasheet,https://www.littelfuse.com/~/media/electronics/datasheets/tvs_diodes/littelfuse_tvs_diode_smbj_datasheet.pdf.pdf,"DO-214AA, 110V","SMBJ110CA Littelfuse, Inc", , ,
SMBJ120CA,"Littelfuse, Inc", ,TVS_single_bidirectional.SchLib,TVS_single_bidirectional,PCB - DIODES - ST DO214AA SMB.PCBLIB,ST DO214AA SMB,DO-214AA,Bidirectional,120, , , ,-65,150,"SMBJ120CA, DO-214AA 120V   BI-directional",Datasheet,https://www.littelfuse.com/~/media/electronics/datasheets/tvs_diodes/littelfuse_tvs_diode_smbj_datasheet.pdf.pdf,"DO-214AA, 120V","SMBJ120CA Littelfuse, Inc", , ,
SMBJ130CA,"Littelfuse, Inc", ,TVS_single_bidirectional.SchLib,TVS_single_bidirectional,PCB - DIODES - ST DO214AA SMB.PCBLIB,ST DO214AA SMB,DO-214AA,Bidirectional,130, , , ,-65,150,"SMBJ130CA, DO-214AA 130V   BI-directional",Datasheet,https://www.littelfuse.com/~/media/electronics/datasheets/tvs_diodes/littelfuse_tvs_diode_smbj_datasheet.pdf.pdf,"DO-214AA, 130V","SMBJ130CA Littelfuse, Inc", , ,
SMBJ150CA,"Littelfuse, Inc", ,TVS_single_bidirectional.SchLib,TVS_single_bidirectional,PCB - DIODES - ST DO214AA SMB.PCBLIB,ST DO214AA SMB,DO-214AA,Bidirectional,150, , , ,-65,150,"SMBJ150CA, DO-214AA 150V   BI-directional",Datasheet,https://www.littelfuse.com/~/media/electronics/datasheets/tvs_diodes/littelfuse_tvs_diode_smbj_datasheet.pdf.pdf,"DO-214AA, 150V","SMBJ150CA Littelfuse, Inc", , ,
SMBJ160CA,"Littelfuse, Inc", ,TVS_single_bidirectional.SchLib,TVS_single_bidirectional,PCB - DIODES - ST DO214AA SMB.PCBLIB,ST DO214AA SMB,DO-214AA,Bidirectional,160, , , ,-65,150,"SMBJ160CA, DO-214AA 160V   BI-directional",Datasheet,https://www.littelfuse.com/~/media/electronics/datasheets/tvs_diodes/littelfuse_tvs_diode_smbj_datasheet.pdf.pdf,"DO-214AA, 160V","SMBJ160CA Littelfuse, Inc", , ,
SMBJ170CA,"Littelfuse, Inc", ,TVS_single_bidirectional.SchLib,TVS_single_bidirectional,PCB - DIODES - ST DO214AA SMB.PCBLIB,ST DO214AA SMB,DO-214AA,Bidirectional,170, , , ,-65,150,"SMBJ170CA, DO-214AA 170V   BI-directional",Datasheet,https://www.littelfuse.com/~/media/electronics/datasheets/tvs_diodes/littelfuse_tvs_diode_smbj_datasheet.pdf.pdf,"DO-214AA, 170V","SMBJ170CA Littelfuse, Inc", , ,
SMBJ180CA,"Littelfuse, Inc", ,TVS_single_bidirectional.SchLib,TVS_single_bidirectional,PCB - DIODES - ST DO214AA SMB.PCBLIB,ST DO214AA SMB,DO-214AA,Bidirectional,180, , , ,-65,150,"SMBJ180CA, DO-214AA 180V   BI-directional",Datasheet,https://www.littelfuse.com/~/media/electronics/datasheets/tvs_diodes/littelfuse_tvs_diode_smbj_datasheet.pdf.pdf,"DO-214AA, 180V","SMBJ180CA Littelfuse, Inc", , ,
SMBJ188CA,"Littelfuse, Inc", ,TVS_single_bidirectional.SchLib,TVS_single_bidirectional,PCB - DIODES - ST DO214AA SMB.PCBLIB,ST DO214AA SMB,DO-214AA,Bidirectional,188, , , ,-65,150,"SMBJ188CA, DO-214AA 188V   BI-directional",Datasheet,https://www.littelfuse.com/~/media/electronics/datasheets/tvs_diodes/littelfuse_tvs_diode_smbj_datasheet.pdf.pdf,"DO-214AA, 188V","SMBJ188CA Littelfuse, Inc", , ,
SMBJ200CA,"Littelfuse, Inc", ,TVS_single_bidirectional.SchLib,TVS_single_bidirectional,PCB - DIODES - ST DO214AA SMB.PCBLIB,ST DO214AA SMB,DO-214AA,Bidirectional,200, , , ,-65,150,"SMBJ200CA, DO-214AA 200V   BI-directional",Datasheet,https://www.littelfuse.com/~/media/electronics/datasheets/tvs_diodes/littelfuse_tvs_diode_smbj_datasheet.pdf.pdf,"DO-214AA, 200V","SMBJ200CA Littelfuse, Inc", , ,
SMBJ220CA,"Littelfuse, Inc", ,TVS_single_bidirectional.SchLib,TVS_single_bidirectional,PCB - DIODES - ST DO214AA SMB.PCBLIB,ST DO214AA SMB,DO-214AA,Bidirectional,220, , , ,-65,150,"SMBJ220CA, DO-214AA 220V   BI-directional",Datasheet,https://www.littelfuse.com/~/media/electronics/datasheets/tvs_diodes/littelfuse_tvs_diode_smbj_datasheet.pdf.pdf,"DO-214AA, 220V","SMBJ220CA Littelfuse, Inc", , ,
SMBJ250CA,"Littelfuse, Inc", ,TVS_single_bidirectional.SchLib,TVS_single_bidirectional,PCB - DIODES - ST DO214AA SMB.PCBLIB,ST DO214AA SMB,DO-214AA,Bidirectional,250, , , ,-65,150,"SMBJ250CA, DO-214AA 250V   BI-directional",Datasheet,https://www.littelfuse.com/~/media/electronics/datasheets/tvs_diodes/littelfuse_tvs_diode_smbj_datasheet.pdf.pdf,"DO-214AA, 250V","SMBJ250CA Littelfuse, Inc", , ,
SMBJ300CA,"Littelfuse, Inc", ,TVS_single_bidirectional.SchLib,TVS_single_bidirectional,PCB - DIODES - ST DO214AA SMB.PCBLIB,ST DO214AA SMB,DO-214AA,Bidirectional,300, , , ,-65,150,"SMBJ300CA, DO-214AA 300V   BI-directional",Datasheet,https://www.littelfuse.com/~/media/electronics/datasheets/tvs_diodes/littelfuse_tvs_diode_smbj_datasheet.pdf.pdf,"DO-214AA, 300V","SMBJ300CA Littelfuse, Inc", , ,
SMBJ350CA,"Littelfuse, Inc", ,TVS_single_bidirectional.SchLib,TVS_single_bidirectional,PCB - DIODES - ST DO214AA SMB.PCBLIB,ST DO214AA SMB,DO-214AA,Bidirectional,350, , , ,-65,150,"SMBJ350CA, DO-214AA 350V   BI-directional",Datasheet,https://www.littelfuse.com/~/media/electronics/datasheets/tvs_diodes/littelfuse_tvs_diode_smbj_datasheet.pdf.pdf,"DO-214AA, 350V","SMBJ350CA Littelfuse, Inc", , ,
SMBJ400CA,"Littelfuse, Inc", ,TVS_single_bidirectional.SchLib,TVS_single_bidirectional,PCB - DIODES - ST DO214AA SMB.PCBLIB,ST DO214AA SMB,DO-214AA,Bidirectional,400, , , ,-65,150,"SMBJ400CA, DO-214AA 400V   BI-directional",Datasheet,https://www.littelfuse.com/~/media/electronics/datasheets/tvs_diodes/littelfuse_tvs_diode_smbj_datasheet.pdf.pdf,"DO-214AA, 400V","SMBJ400CA Littelfuse, Inc", , ,
SMBJ440CA,"Littelfuse, Inc", ,TVS_single_bidirectional.SchLib,TVS_single_bidirectional,PCB - DIODES - ST DO214AA SMB.PCBLIB,ST DO214AA SMB,DO-214AA,Bidirectional,440, , , ,-65,150,"SMBJ440CA, DO-214AA 440V   BI-directional",Datasheet,https://www.littelfuse.com/~/media/electronics/datasheets/tvs_diodes/littelfuse_tvs_diode_smbj_datasheet.pdf.pdf,"DO-214AA, 440V","SMBJ440CA Littelfuse, Inc", , ,